date;coeff_occurrences;const;p_occurrences;lag;kind;coeff_volume;p_volume
2020-12-17;0.5592670708718247;-0.0025443609679212057;2.0466589299694095e-06;1;Reddit;;
2020-12-17;0.18713912581117673;-0.00479194256217133;0.15025280949200234;2;Reddit;;
2020-12-17;-0.0016830622078839977;-0.005592732559749968;0.9902555513784288;3;Reddit;;
2020-12-17;-0.008311508663568843;-0.005592735795956992;0.9525686040904093;4;Reddit;;
2020-12-17;-0.07609197289296944;-0.005556219998693354;0.5869681674271723;5;Reddit;;
2020-12-17;-0.2328725649597064;-0.005480043175795963;0.09300085316874952;6;Reddit;;
2020-12-17;-0.49711229423582676;-0.005750445427671265;0.00016319822699987073;7;Reddit;;
2020-12-17;;-0.0011392247543606394;;1;Market;0.5919639318262587;3.280043209637161e-07
2020-12-17;;-0.0012793041881549987;;2;Market;0.30294527584862113;0.016654750214318625
2020-12-17;;-0.0012058591508445516;;3;Market;0.10205174859094204;0.4334683496066116
2020-12-17;;-0.0011758255447212056;;4;Market;0.06853573308099022;0.5996623210933756
2020-12-17;;-0.0009477711190432465;;5;Market;-0.031526698503193486;0.8096003122931048
2020-12-17;;-0.0006648426730240652;;6;Market;-0.21581359472251804;0.09394305687422583
2020-12-17;;-0.0009210926079984027;;7;Market;-0.463657787928459;0.00012640830384588888
2020-12-18;0.6013756167036451;-0.0006807731754148861;3.1120087757917454e-07;1;Reddit;;
2020-12-18;0.19184322241447166;-0.0024336286620659643;0.1426655064952499;2;Reddit;;
2020-12-18;0.03066588429763974;-0.0033694970643352103;0.8162702552822588;3;Reddit;;
2020-12-18;-0.016714793802092048;-0.0036506230828532607;0.9005121985785258;4;Reddit;;
2020-12-18;-0.18895187353877105;-0.005123169201898014;0.16617173274622168;5;Reddit;;
2020-12-18;-0.3358088624785742;-0.0062630829475982044;0.01211394135155651;6;Reddit;;
2020-12-18;-0.5069986933023031;-0.0063744928101693256;7.792152153548239e-05;7;Reddit;;
2020-12-18;;0.0010033823269708145;;1;Market;0.5681027867703555;2.012739315483834e-06
2020-12-18;;0.00035724685796489555;;2;Market;0.27257348491085776;0.034076053353168996
2020-12-18;;-0.0001297029204122871;;3;Market;0.10667975281265821;0.41462151826887816
2020-12-18;;-0.00019005605272947177;;4;Market;0.07209465457118829;0.5824292122161924
2020-12-18;;-0.0005447299016861348;;5;Market;-0.061985101908863506;0.6403335776910958
2020-12-18;;-0.0007699693193706545;;6;Market;-0.2031586768862525;0.12023991071107148
2020-12-18;;-0.0008243134503751025;;7;Market;-0.45464388465785843;0.00023733840796086352
2020-12-19;0.6261445544507547;0.000439866946853588;4.409829496059436e-08;1;Reddit;;
2020-12-19;0.250979530619676;0.0016331384899014325;0.04784741973396421;2;Reddit;;
2020-12-19;0.06227146013880213;0.0021329227525976;0.6282955417237996;3;Reddit;;
2020-12-19;0.03674427289100203;0.0021913225220171815;0.7751861225509368;4;Reddit;;
2020-12-19;-0.07210050540160604;0.0023257453815933833;0.5759805597789562;5;Reddit;;
2020-12-19;-0.22755351579008398;0.002171345495726306;0.07726328744376022;6;Reddit;;
2020-12-19;-0.4477980967904952;0.0006706689050981633;0.00044917444759498695;7;Reddit;;
2020-12-19;;0.0018943306327824352;;1;Market;0.582384605457805;5.499885715099342e-07
2020-12-19;;0.003626032415688107;;2;Market;0.2958545140405359;0.018704825645108936
2020-12-19;;0.0044873862823925125;;3;Market;0.11483759132749197;0.37055271363470665
2020-12-19;;0.0046559299529401275;;4;Market;0.08456706363427038;0.5093737619392233
2020-12-19;;0.004951366688443704;;5;Market;-0.002890795967788331;0.9820860970710967
2020-12-19;;0.005205081038960169;;6;Market;-0.14981166181234296;0.2448357862706071
2020-12-19;;0.004797207784766389;;7;Market;-0.4121795149710666;0.00111644171135052
2020-12-20;0.6261445544507547;0.000439866946853588;4.409829496059436e-08;1;Reddit;;
2020-12-20;0.250979530619676;0.0016331384899014325;0.04784741973396421;2;Reddit;;
2020-12-20;0.06227146013880213;0.0021329227525976;0.6282955417237996;3;Reddit;;
2020-12-20;0.03674427289100203;0.0021913225220171815;0.7751861225509368;4;Reddit;;
2020-12-20;-0.07210050540160604;0.0023257453815933833;0.5759805597789562;5;Reddit;;
2020-12-20;-0.22755351579008398;0.002171345495726306;0.07726328744376022;6;Reddit;;
2020-12-20;-0.4477980967904952;0.0006706689050981633;0.00044917444759498695;7;Reddit;;
2020-12-20;;0.0018943306327824352;;1;Market;0.582384605457805;5.499885715099342e-07
2020-12-20;;0.003626032415688107;;2;Market;0.2958545140405359;0.018704825645108936
2020-12-20;;0.0044873862823925125;;3;Market;0.11483759132749197;0.37055271363470665
2020-12-20;;0.0046559299529401275;;4;Market;0.08456706363427038;0.5093737619392233
2020-12-20;;0.004951366688443704;;5;Market;-0.002890795967788331;0.9820860970710967
2020-12-20;;0.005205081038960169;;6;Market;-0.14981166181234296;0.2448357862706071
2020-12-20;;0.004797207784766389;;7;Market;-0.4121795149710666;0.00111644171135052
2020-12-21;0.6261445544507547;0.000439866946853588;4.409829496059436e-08;1;Reddit;;
2020-12-21;0.250979530619676;0.0016331384899014325;0.04784741973396421;2;Reddit;;
2020-12-21;0.06227146013880213;0.0021329227525976;0.6282955417237996;3;Reddit;;
2020-12-21;0.03674427289100203;0.0021913225220171815;0.7751861225509368;4;Reddit;;
2020-12-21;-0.07210050540160604;0.0023257453815933833;0.5759805597789562;5;Reddit;;
2020-12-21;-0.22755351579008398;0.002171345495726306;0.07726328744376022;6;Reddit;;
2020-12-21;-0.4477980967904952;0.0006706689050981633;0.00044917444759498695;7;Reddit;;
2020-12-21;;0.0018943306327824352;;1;Market;0.582384605457805;5.499885715099342e-07
2020-12-21;;0.003626032415688107;;2;Market;0.2958545140405359;0.018704825645108936
2020-12-21;;0.0044873862823925125;;3;Market;0.11483759132749197;0.37055271363470665
2020-12-21;;0.0046559299529401275;;4;Market;0.08456706363427038;0.5093737619392233
2020-12-21;;0.004951366688443704;;5;Market;-0.002890795967788331;0.9820860970710967
2020-12-21;;0.005205081038960169;;6;Market;-0.14981166181234296;0.2448357862706071
2020-12-21;;0.004797207784766389;;7;Market;-0.4121795149710666;0.00111644171135052
2020-12-22;0.5751031015415597;-0.0031230132702113307;1.656968228919555e-07;1;Reddit;;
2020-12-22;0.23608693347663046;-0.004446849316945044;0.04850455135314988;2;Reddit;;
2020-12-22;0.07157602564470374;-0.004541241082202115;0.5545054990260461;3;Reddit;;
2020-12-22;0.04728571244028091;-0.004552532816644189;0.6964940686640407;4;Reddit;;
2020-12-22;-0.07219760220659782;-0.004406623440342743;0.5533310356389534;5;Reddit;;
2020-12-22;-0.22124426394839933;-0.004010105233316016;0.06747035892507325;6;Reddit;;
2020-12-22;-0.4504062494093599;-0.003498275153874884;9.387640062465692e-05;7;Reddit;;
2020-12-22;;-0.0010153273179763095;;1;Market;0.5729735984978349;4.2877707581362743e-07
2020-12-22;;-0.0010650569985476762;;2;Market;0.30825256235607623;0.011413742587612529
2020-12-22;;-0.0004458747311574716;;3;Market;0.1320987236565085;0.2892747801213563
2020-12-22;;-0.00041651916962343716;;4;Market;0.10810367917976443;0.3870272861675945
2020-12-22;;6.705677546548481e-05;;5;Market;0.0072084375355260175;0.9542375081162747
2020-12-22;;0.0008798556483604457;;6;Market;-0.16290981408932145;0.190745220035789
2020-12-22;;0.0022009029536121157;;7;Market;-0.42441517613598945;0.00036978227520685885
2020-12-23;0.44739193500612073;0.00575734669863255;0.0001473501520951964;1;Reddit;;
2020-12-23;0.23119542786959524;0.007299002437383532;0.06185333904528151;2;Reddit;;
2020-12-23;0.06640045637970526;0.007870420928369086;0.597926369604515;3;Reddit;;
2020-12-23;0.1098130949851119;0.007842512942282812;0.3827026333019622;4;Reddit;;
2020-12-23;-0.02238637999823559;0.008026512682499959;0.8597008352664421;5;Reddit;;
2020-12-23;-0.2604555534438395;0.006580498858873634;0.09702426189194893;6;Reddit;;
2020-12-23;-0.48833503547555207;0.005805967889650386;0.00115987558477809;7;Reddit;;
2020-12-23;;0.0011829571885816693;;1;Market;0.5741147569269013;8.524701859235682e-07
2020-12-23;;0.00167301226879635;;2;Market;0.25660007245927285;0.04454305997400125
2020-12-23;;0.0016947500832148461;;3;Market;0.11675169551349097;0.36959679270778345
2020-12-23;;0.0017313778632237103;;4;Market;0.11192141857862759;0.3913934185441227
2020-12-23;;0.001668208304464045;;5;Market;0.040570863436923496;0.7581841718974451
2020-12-23;;0.0007869962720261718;;6;Market;-0.22932332239447467;0.1140253505508193
2020-12-23;;0.0016549866574359514;;7;Market;-0.4672370647192605;2.8976240412697323e-05
2020-12-24;0.4183767616755941;0.006765687856819506;0.0006552550367722869;1;Reddit;;
2020-12-24;0.18417882371018388;0.00949080243313496;0.15050637937372932;2;Reddit;;
2020-12-24;0.013734525653122517;0.011817198990844107;0.91471138081949;3;Reddit;;
2020-12-24;0.07318270533288455;0.011123788688992504;0.5669221371074205;4;Reddit;;
2020-12-24;-0.05455227927893616;0.012583588754039038;0.6683957992987003;5;Reddit;;
2020-12-24;-0.17675356599404354;0.013810896675829753;0.16032423224311956;6;Reddit;;
2020-12-24;-0.341995881958898;0.01473103201591779;0.004499636319081021;7;Reddit;;
2020-12-24;;0.004105973382723817;;1;Market;0.5127795667860908;1.8174221977431183e-05
2020-12-24;;0.007310520570001079;;2;Market;0.14335182542813654;0.2640393020149718
2020-12-24;;0.00848912340544409;;3;Market;0.009477788650578377;0.9408203435711178
2020-12-24;;0.008258891048641123;;4;Market;0.04383088971013015;0.7285348850155486
2020-12-24;;0.008411973771837424;;5;Market;0.02564806049972457;0.8367830555752499
2020-12-24;;0.009254255908057374;;6;Market;-0.15081105203207792;0.20800943116402706
2020-12-24;;0.008987613220754741;;7;Market;-0.261569368642705;0.015119615080488338
2020-12-25;0.4430700305059328;0.005734573168365434;0.00033994531147716613;1;Reddit;;
2020-12-25;0.22833291406859085;0.008056551281448478;0.07327256894409065;2;Reddit;;
2020-12-25;0.058227501435430866;0.009564270408978115;0.6545656330242932;3;Reddit;;
2020-12-25;0.08863561348374005;0.00905044598845416;0.5073098236433142;4;Reddit;;
2020-12-25;-0.07112324300535562;0.011132021090379154;0.5955087970411707;5;Reddit;;
2020-12-25;-0.19881773155892102;0.01286561299683094;0.13472053225080297;6;Reddit;;
2020-12-25;-0.37785731079014406;0.015248724623304963;0.0034808717170020003;7;Reddit;;
2020-12-25;;0.00040600307922573675;;1;Market;0.5822625488042237;1.153101334905295e-06
2020-12-25;;0.0009450377334569662;;2;Market;0.2913999759477783;0.027597866398656176
2020-12-25;;0.0013334015588198221;;3;Market;0.1547679849698127;0.25630944316543375
2020-12-25;;0.0010536329445504065;;4;Market;0.1316933593654443;0.3666262105637683
2020-12-25;;0.0015672586323811914;;5;Market;0.06564238946988434;0.6564649032396508
2020-12-25;;0.0036347077207878266;;6;Market;-0.14860053647964452;0.31494194467379477
2020-12-25;;0.006133466535163743;;7;Market;-0.3920946174705814;0.006745405093091452
2020-12-26;0.46026142407810516;0.002020951830307304;0.0005093851484740809;1;Reddit;;
2020-12-26;0.2989807685715752;0.0025438995185525755;0.030254534791780238;2;Reddit;;
2020-12-26;0.12634997008563606;0.003673425799841891;0.37303920414878555;3;Reddit;;
2020-12-26;0.1246757734778735;0.0032771156631491594;0.39465268899059325;4;Reddit;;
2020-12-26;-0.059282870110203445;0.005655752425622611;0.686604999839158;5;Reddit;;
2020-12-26;-0.2032735915035447;0.00841053829905211;0.1471526407619241;6;Reddit;;
2020-12-26;-0.38011910143264077;0.012261394496402976;0.005479314134250309;7;Reddit;;
2020-12-26;;-0.0005389505758754363;;1;Market;0.6082182894397615;1.4551774536759085e-06
2020-12-26;;-0.0006198623034908753;;2;Market;0.32795109666187117;0.019527093355849925
2020-12-26;;-0.0004246475253064169;;3;Market;0.1759600193986895;0.226184741152758
2020-12-26;;-0.0006175672922089031;;4;Market;0.14421280121280453;0.35727877266795804
2020-12-26;;2.072244679568486e-05;;5;Market;0.042519306063874385;0.7887446776836701
2020-12-26;;0.0018524314265550344;;6;Market;-0.14755473411923448;0.33846359833644313
2020-12-26;;0.004683530281764763;;7;Market;-0.38354277703776074;0.01140499259449183
2020-12-27;0.46026142407810516;0.002020951830307304;0.0005093851484740809;1;Reddit;;
2020-12-27;0.2989807685715752;0.0025438995185525755;0.030254534791780238;2;Reddit;;
2020-12-27;0.12634997008563606;0.003673425799841891;0.37303920414878555;3;Reddit;;
2020-12-27;0.1246757734778735;0.0032771156631491594;0.39465268899059325;4;Reddit;;
2020-12-27;-0.059282870110203445;0.005655752425622611;0.686604999839158;5;Reddit;;
2020-12-27;-0.2032735915035447;0.00841053829905211;0.1471526407619241;6;Reddit;;
2020-12-27;-0.38011910143264077;0.012261394496402976;0.005479314134250309;7;Reddit;;
2020-12-27;;-0.0005389505758754363;;1;Market;0.6082182894397615;1.4551774536759085e-06
2020-12-27;;-0.0006198623034908753;;2;Market;0.32795109666187117;0.019527093355849925
2020-12-27;;-0.0004246475253064169;;3;Market;0.1759600193986895;0.226184741152758
2020-12-27;;-0.0006175672922089031;;4;Market;0.14421280121280453;0.35727877266795804
2020-12-27;;2.072244679568486e-05;;5;Market;0.042519306063874385;0.7887446776836701
2020-12-27;;0.0018524314265550344;;6;Market;-0.14755473411923448;0.33846359833644313
2020-12-27;;0.004683530281764763;;7;Market;-0.38354277703776074;0.01140499259449183
2020-12-28;0.46026142407810516;0.002020951830307304;0.0005093851484740809;1;Reddit;;
2020-12-28;0.2989807685715752;0.0025438995185525755;0.030254534791780238;2;Reddit;;
2020-12-28;0.12634997008563606;0.003673425799841891;0.37303920414878555;3;Reddit;;
2020-12-28;0.1246757734778735;0.0032771156631491594;0.39465268899059325;4;Reddit;;
2020-12-28;-0.059282870110203445;0.005655752425622611;0.686604999839158;5;Reddit;;
2020-12-28;-0.2032735915035447;0.00841053829905211;0.1471526407619241;6;Reddit;;
2020-12-28;-0.38011910143264077;0.012261394496402976;0.005479314134250309;7;Reddit;;
2020-12-28;;-0.0005389505758754363;;1;Market;0.6082182894397615;1.4551774536759085e-06
2020-12-28;;-0.0006198623034908753;;2;Market;0.32795109666187117;0.019527093355849925
2020-12-28;;-0.0004246475253064169;;3;Market;0.1759600193986895;0.226184741152758
2020-12-28;;-0.0006175672922089031;;4;Market;0.14421280121280453;0.35727877266795804
2020-12-28;;2.072244679568486e-05;;5;Market;0.042519306063874385;0.7887446776836701
2020-12-28;;0.0018524314265550344;;6;Market;-0.14755473411923448;0.33846359833644313
2020-12-28;;0.004683530281764763;;7;Market;-0.38354277703776074;0.01140499259449183
2020-12-29;0.46126654758269725;0.0016147233498942004;0.00044652267617982554;1;Reddit;;
2020-12-29;0.34096864316105074;0.0016712928160511353;0.011563932191495473;2;Reddit;;
2020-12-29;0.19273946151578533;0.0018257933265666514;0.1536958168531071;3;Reddit;;
2020-12-29;0.15569388534347542;0.0018519719155886062;0.25011571304003616;4;Reddit;;
2020-12-29;-0.023184285893625006;0.0032060123319395993;0.8649012074931293;5;Reddit;;
2020-12-29;-0.15486105018684979;0.0037727811037259794;0.24026464601704128;6;Reddit;;
2020-12-29;-0.2876155838281526;0.004421294382512893;0.026534619381687902;7;Reddit;;
2020-12-29;;0.00102167224180964;;1;Market;0.6068985845727606;1.6419747413803397e-06
2020-12-29;;0.0008376099690419068;;2;Market;0.36521036385355093;0.007167213477394884
2020-12-29;;0.00023856278470514754;;3;Market;0.2424857370742002;0.07859455062031484
2020-12-29;;-3.318955317247359e-05;;4;Market;0.25976666765305617;0.05985763768237247
2020-12-29;;0.0005671719508748279;;5;Market;0.07097146300242142;0.6126380927557158
2020-12-29;;0.0007794219184477519;;6;Market;-0.05314787016718793;0.688419063683017
2020-12-29;;0.000852987544553875;;7;Market;-0.18638374420277962;0.1590414213542638
2020-12-30;0.3613305491129456;0.008992877208417186;0.006311225784264422;1;Reddit;;
2020-12-30;0.2679759163088942;0.010615383925072799;0.04195851177582158;2;Reddit;;
2020-12-30;0.1513555401982029;0.012158055041363025;0.23806286948664016;3;Reddit;;
2020-12-30;0.15804022463872028;0.012352278716250845;0.21284514173845526;4;Reddit;;
2020-12-30;3.096219294193207e-05;0.013212988413754286;0.9998062926523034;5;Reddit;;
2020-12-30;-0.12231065181049922;0.013503801631415362;0.3399764214648323;6;Reddit;;
2020-12-30;-0.24303935460517284;0.013949405244139365;0.054973771753255324;7;Reddit;;
2020-12-30;;0.0023853614604756436;;1;Market;0.534683219394523;2.7289091906621544e-05
2020-12-30;;0.003691972184597924;;2;Market;0.327602023815971;0.014119005707253952
2020-12-30;;0.004099752828439562;;3;Market;0.24188930179209103;0.07055722410938371
2020-12-30;;0.004266528671363209;;4;Market;0.2727353051939046;0.04059453705752314
2020-12-30;;0.004296568726641435;;5;Market;0.08858449891729338;0.5130643103159553
2020-12-30;;0.004222483663374473;;6;Market;-0.027283273634941693;0.8404815788613597
2020-12-30;;0.004332786635357105;;7;Market;-0.12382652556219972;0.3637782500901433
2020-12-31;0.3490932634373977;0.003287633408590175;0.008792729416408592;1;Reddit;;
2020-12-31;0.2897204447502469;0.0033098241239370137;0.029928994187658972;2;Reddit;;
2020-12-31;0.1349866874534537;0.004708557241173871;0.3205192484176297;3;Reddit;;
2020-12-31;0.19430132365518937;0.003986446097347867;0.14700348058620447;4;Reddit;;
2020-12-31;0.08130740106110743;0.004774866203949244;0.5420753349189715;5;Reddit;;
2020-12-31;-0.05283548042237491;0.006528743387162869;0.70135909751869;6;Reddit;;
2020-12-31;-0.24297116977055747;0.00897017984728892;0.0695810496396786;7;Reddit;;
2020-12-31;;-0.00206292858908621;;1;Market;0.5315832628696395;1.9017475405696717e-05
2020-12-31;;-0.0027414094223799914;;2;Market;0.347218558657069;0.008381476142641718
2020-12-31;;-0.002674018954012314;;3;Market;0.21230101188627334;0.1140251832327063
2020-12-31;;-0.0028581907796968475;;4;Market;0.2881657892796553;0.029846422344342094
2020-12-31;;-0.002932250246328381;;5;Market;0.1072209234526632;0.4210887708596216
2020-12-31;;-0.0026245773311643107;;6;Market;-0.028716614437570454;0.8356444820218797
2020-12-31;;-0.0023447165645843846;;7;Market;-0.09036364809157524;0.5147448334034673
2021-01-01;0.2972070281407122;8.911782985547501e-05;0.02876317228623962;1;Reddit;;
2021-01-01;0.24466941892149616;-0.00010908403176718943;0.07387425088607547;2;Reddit;;
2021-01-01;0.11986300879691851;-0.00015121303117569509;0.38762351690103936;3;Reddit;;
2021-01-01;0.1805096282171961;-0.00014520442472736042;0.19143442425890864;4;Reddit;;
2021-01-01;0.023421740432165907;-6.779684784362712e-05;0.865986783706548;5;Reddit;;
2021-01-01;-0.07854341911767722;0.00019667501812246167;0.5662826753919363;6;Reddit;;
2021-01-01;-0.22038866146283417;0.0012332966283346315;0.09240808592325693;7;Reddit;;
2021-01-01;;-0.004168577513049109;;1;Market;0.4772041662598992;0.0002668839763500209
2021-01-01;;-0.005640829466275526;;2;Market;0.2895319828961771;0.03294327828799188
2021-01-01;;-0.006359014164682063;;3;Market;0.19808767917109496;0.1485014287936728
2021-01-01;;-0.005958342492666424;;4;Market;0.2654035129286769;0.05083287313920268
2021-01-01;;-0.007510764348058922;;5;Market;0.02024721258744753;0.8829574401766671
2021-01-01;;-0.0080758793630734;;6;Market;-0.10337695930051433;0.4451173860373997
2021-01-01;;-0.007945387407983602;;7;Market;-0.11676358113156957;0.37118476400783973
2021-01-02;0.2940938561532522;0.0019788900520900667;0.04422278394686419;1;Reddit;;
2021-01-02;0.23549047820222255;0.002412958311359552;0.10832968128365211;2;Reddit;;
2021-01-02;0.10914787740848275;0.002827904047485649;0.46281627749761645;3;Reddit;;
2021-01-02;0.1894243888878756;0.002607496668186323;0.19964355035455017;4;Reddit;;
2021-01-02;0.03561231577803855;0.0032324723338387185;0.8095568206087038;5;Reddit;;
2021-01-02;-0.07163701968425774;0.0033904490174350593;0.62492371933962;6;Reddit;;
2021-01-02;-0.1981157558701181;0.0035127671155280884;0.17237943032038888;7;Reddit;;
2021-01-02;;-0.002645797834432357;;1;Market;0.4751183397348309;0.0007511939055918174
2021-01-02;;-0.0030863631401777105;;2;Market;0.28843443921503054;0.04831043541275173
2021-01-02;;-0.0035610327586770886;;3;Market;0.19743276993042544;0.1812974319105372
2021-01-02;;-0.002887858904507204;;4;Market;0.28584183979033684;0.05011433793179343
2021-01-02;;-0.0044735574575035155;;5;Market;0.035797375925159934;0.8091746566790505
2021-01-02;;-0.005435922130521677;;6;Market;-0.08663379184750541;0.5580930992516169
2021-01-02;;-0.005489085565912088;;7;Market;-0.08577866297711297;0.5625604562103974
2021-01-03;0.2940938561532522;0.0019788900520900667;0.04422278394686419;1;Reddit;;
2021-01-03;0.23549047820222255;0.002412958311359552;0.10832968128365211;2;Reddit;;
2021-01-03;0.10914787740848275;0.002827904047485649;0.46281627749761645;3;Reddit;;
2021-01-03;0.1894243888878756;0.002607496668186323;0.19964355035455017;4;Reddit;;
2021-01-03;0.03561231577803855;0.0032324723338387185;0.8095568206087038;5;Reddit;;
2021-01-03;-0.07163701968425774;0.0033904490174350593;0.62492371933962;6;Reddit;;
2021-01-03;-0.1981157558701181;0.0035127671155280884;0.17237943032038888;7;Reddit;;
2021-01-03;;-0.002645797834432357;;1;Market;0.4751183397348309;0.0007511939055918174
2021-01-03;;-0.0030863631401777105;;2;Market;0.28843443921503054;0.04831043541275173
2021-01-03;;-0.0035610327586770886;;3;Market;0.19743276993042544;0.1812974319105372
2021-01-03;;-0.002887858904507204;;4;Market;0.28584183979033684;0.05011433793179343
2021-01-03;;-0.0044735574575035155;;5;Market;0.035797375925159934;0.8091746566790505
2021-01-03;;-0.005435922130521677;;6;Market;-0.08663379184750541;0.5580930992516169
2021-01-03;;-0.005489085565912088;;7;Market;-0.08577866297711297;0.5625604562103974
2021-01-04;0.2940938561532522;0.0019788900520900667;0.04422278394686419;1;Reddit;;
2021-01-04;0.23549047820222255;0.002412958311359552;0.10832968128365211;2;Reddit;;
2021-01-04;0.10914787740848275;0.002827904047485649;0.46281627749761645;3;Reddit;;
2021-01-04;0.1894243888878756;0.002607496668186323;0.19964355035455017;4;Reddit;;
2021-01-04;0.03561231577803855;0.0032324723338387185;0.8095568206087038;5;Reddit;;
2021-01-04;-0.07163701968425774;0.0033904490174350593;0.62492371933962;6;Reddit;;
2021-01-04;-0.1981157558701181;0.0035127671155280884;0.17237943032038888;7;Reddit;;
2021-01-04;;-0.002645797834432357;;1;Market;0.4751183397348309;0.0007511939055918174
2021-01-04;;-0.0030863631401777105;;2;Market;0.28843443921503054;0.04831043541275173
2021-01-04;;-0.0035610327586770886;;3;Market;0.19743276993042544;0.1812974319105372
2021-01-04;;-0.002887858904507204;;4;Market;0.28584183979033684;0.05011433793179343
2021-01-04;;-0.0044735574575035155;;5;Market;0.035797375925159934;0.8091746566790505
2021-01-04;;-0.005435922130521677;;6;Market;-0.08663379184750541;0.5580930992516169
2021-01-04;;-0.005489085565912088;;7;Market;-0.08577866297711297;0.5625604562103974
2021-01-05;0.36240933748049803;-0.0071478847407993006;0.011264201321450259;1;Reddit;;
2021-01-05;0.15813293543455617;-0.009510318530842804;0.25581004179267736;2;Reddit;;
2021-01-05;0.09648638271149705;-0.010146263567269657;0.4784498221400356;3;Reddit;;
2021-01-05;0.09884238698949054;-0.010274211939537333;0.46552563073488973;4;Reddit;;
2021-01-05;0.015678477197441327;-0.010716575537592995;0.9060016668213946;5;Reddit;;
2021-01-05;0.04170223371895754;-0.010917359245366128;0.6044862059471441;6;Reddit;;
2021-01-05;-0.07534878949870036;-0.010526226272514724;0.3478068825572441;7;Reddit;;
2021-01-05;;-0.006122036905629173;;1;Market;0.4016014772209697;0.0051434027771328885
2021-01-05;;-0.008154606991330467;;2;Market;0.23540225666023562;0.10057212474953571
2021-01-05;;-0.00857542769050038;;3;Market;0.20645175023045595;0.14521221883660573
2021-01-05;;-0.008201267501892883;;4;Market;0.28054314481257164;0.04325190685163198
2021-01-05;;-0.009705108961915102;;5;Market;0.0795316192792741;0.5689154643962426
2021-01-05;;-0.010084034631278873;;6;Market;0.030927090699922596;0.8027385443826233
2021-01-05;;-0.010231886866728917;;7;Market;-0.00013777486925304605;0.9991122698536133
2021-01-06;0.3703686406010868;-0.008854047069015365;0.010375040297397341;1;Reddit;;
2021-01-06;0.12606601548989405;-0.01223279568810636;0.3963020704962271;2;Reddit;;
2021-01-06;0.045991122202451766;-0.01342991185628267;0.7582775896061837;3;Reddit;;
2021-01-06;0.035861924752444145;-0.013611292054044773;0.8088195962774278;4;Reddit;;
2021-01-06;-0.03190051620493611;-0.01457678743460499;0.8294716452029046;5;Reddit;;
2021-01-06;-0.07252771525206768;-0.015000890410062143;0.6428088542947923;6;Reddit;;
2021-01-06;-0.32027368159352887;-0.017593784839521256;0.03506242940869705;7;Reddit;;
2021-01-06;;-0.009112816815768938;;1;Market;0.4157810996635361;0.0038797373950217964
2021-01-06;;-0.012378826362462542;;2;Market;0.19008520613778682;0.20177301966495687
2021-01-06;;-0.01287063356512539;;3;Market;0.1520104933826754;0.3097694355492964
2021-01-06;;-0.011728548243979176;;4;Market;0.24289365511436561;0.09920034924313526
2021-01-06;;-0.014591490674425294;;5;Market;0.052770010006415596;0.7283866096727905
2021-01-06;;-0.016141202286626223;;6;Market;-0.07800480662714994;0.6213055079883218
2021-01-06;;-0.017259027215020522;;7;Market;-0.19336725920894376;0.21773622623958555
2021-01-07;0.25818827151410695;-0.004701534140187566;0.08005871214343932;1;Reddit;;
2021-01-07;-0.03853847484707379;-0.006204026893301203;0.7971177584855522;2;Reddit;;
2021-01-07;-0.16566741875159954;-0.007046141503195851;0.25131149718027873;3;Reddit;;
2021-01-07;0.02211475008377458;-0.005823663984334366;0.8769810007361523;4;Reddit;;
2021-01-07;0.0678869773140424;-0.00528436264951055;0.6303753451876614;5;Reddit;;
2021-01-07;0.021543321547960965;-0.005690991723302781;0.8662541519609854;6;Reddit;;
2021-01-07;-0.33282869983153995;-0.010710994999870396;0.006975860815977352;7;Reddit;;
2021-01-07;;-0.003355806083654708;;1;Market;0.29703754252819986;0.04045108377509254
2021-01-07;;-0.004532186535852747;;2;Market;-0.02213993623667155;0.8811066336455837
2021-01-07;;-0.00437102650905513;;3;Market;0.0046621124597869545;0.9744795670183642
2021-01-07;;-0.002543447910414462;;4;Market;0.2056474922774574;0.1393384585273082
2021-01-07;;-0.0029194107216827052;;5;Market;0.13094983863137352;0.34759318536003103
2021-01-07;;-0.005609285147006723;;6;Market;-0.08026214385190997;0.5343257450180162
2021-01-07;;-0.007528996451832572;;7;Market;-0.20463036944033425;0.10785551919884066
2021-01-08;0.24589209429073536;-0.004881034709786772;0.08763499565967847;1;Reddit;;
2021-01-08;-0.017914484575176644;-0.006549577898439626;0.9025526020231409;2;Reddit;;
2021-01-08;-0.23341732638883306;-0.007963013082935648;0.10535780466703368;3;Reddit;;
2021-01-08;0.026408204599885427;-0.0062694238049559314;0.8583842857628112;4;Reddit;;
2021-01-08;0.03679543248107932;-0.0062058857996819695;0.80352360567697;5;Reddit;;
2021-01-08;-0.039198446389552936;-0.006615258768118245;0.7931138322084771;6;Reddit;;
2021-01-08;-0.5654328168876892;-0.009662333927312935;4.557781826558183e-05;7;Reddit;;
2021-01-08;;-0.002510046289954912;;1;Market;0.2837689274312526;0.04433985003206377
2021-01-08;;-0.0032625195790926954;;2;Market;0.03218272670147062;0.8227983677716455
2021-01-08;;-0.0032796147588381253;;3;Market;0.015111224180154143;0.9145381529936893
2021-01-08;;-0.002754661537210172;;4;Market;0.1554648542069284;0.2636375652272483
2021-01-08;;-0.0031297589617269458;;5;Market;0.048872434619465624;0.7259156455657643
2021-01-08;;-0.0037444141774176064;;6;Market;-0.138850521348535;0.3125638744091175
2021-01-08;;-0.004829035185537897;;7;Market;-0.31585517822221354;0.01668184015649721
2021-01-09;0.25722922083554123;-0.0032670560795185497;0.05428640267757611;1;Reddit;;
2021-01-09;0.03505444626455548;-0.004094632256486178;0.7967979690438287;2;Reddit;;
2021-01-09;-0.18512338533770684;-0.004855725262818036;0.17003547724914045;3;Reddit;;
2021-01-09;0.009717783434656008;-0.004176835607056497;0.9437155865828454;4;Reddit;;
2021-01-09;-0.010329771051569514;-0.004272819398981796;0.9398867364538322;5;Reddit;;
2021-01-09;-0.08175285176056853;-0.004689903968822516;0.559141526779753;6;Reddit;;
2021-01-09;-0.5688585668570018;-0.0078104325809567506;1.008319809844905e-05;7;Reddit;;
2021-01-09;;-0.0023817140488431613;;1;Market;0.2683957793055938;0.04053717055873959
2021-01-09;;-0.0026697283176124044;;2;Market;0.048361331076751224;0.7175736023864399
2021-01-09;;-0.0026594510932271033;;3;Market;0.011178978867855762;0.932185415871096
2021-01-09;;-0.002324792938818587;;4;Market;0.14849785921076664;0.25353037752758767
2021-01-09;;-0.002580917486845964;;5;Market;0.03613283737799892;0.7816209961579246
2021-01-09;;-0.0031254089828048745;;6;Market;-0.16113165596565007;0.21531300585251817
2021-01-09;;-0.003921244947517817;;7;Market;-0.31384850556074906;0.011799046239796728
2021-01-10;0.25722922083554123;-0.0032670560795185497;0.05428640267757611;1;Reddit;;
2021-01-10;0.03505444626455548;-0.004094632256486178;0.7967979690438287;2;Reddit;;
2021-01-10;-0.18512338533770684;-0.004855725262818036;0.17003547724914045;3;Reddit;;
2021-01-10;0.009717783434656008;-0.004176835607056497;0.9437155865828454;4;Reddit;;
2021-01-10;-0.010329771051569514;-0.004272819398981796;0.9398867364538322;5;Reddit;;
2021-01-10;-0.08175285176056853;-0.004689903968822516;0.559141526779753;6;Reddit;;
2021-01-10;-0.5688585668570018;-0.0078104325809567506;1.008319809844905e-05;7;Reddit;;
2021-01-10;;-0.0023817140488431613;;1;Market;0.2683957793055938;0.04053717055873959
2021-01-10;;-0.0026697283176124044;;2;Market;0.048361331076751224;0.7175736023864399
2021-01-10;;-0.0026594510932271033;;3;Market;0.011178978867855762;0.932185415871096
2021-01-10;;-0.002324792938818587;;4;Market;0.14849785921076664;0.25353037752758767
2021-01-10;;-0.002580917486845964;;5;Market;0.03613283737799892;0.7816209961579246
2021-01-10;;-0.0031254089828048745;;6;Market;-0.16113165596565007;0.21531300585251817
2021-01-10;;-0.003921244947517817;;7;Market;-0.31384850556074906;0.011799046239796728
2021-01-11;0.25722922083554123;-0.0032670560795185497;0.05428640267757611;1;Reddit;;
2021-01-11;0.03505444626455548;-0.004094632256486178;0.7967979690438287;2;Reddit;;
2021-01-11;-0.18512338533770684;-0.004855725262818036;0.17003547724914045;3;Reddit;;
2021-01-11;0.009717783434656008;-0.004176835607056497;0.9437155865828454;4;Reddit;;
2021-01-11;-0.010329771051569514;-0.004272819398981796;0.9398867364538322;5;Reddit;;
2021-01-11;-0.08175285176056853;-0.004689903968822516;0.559141526779753;6;Reddit;;
2021-01-11;-0.5688585668570018;-0.0078104325809567506;1.008319809844905e-05;7;Reddit;;
2021-01-11;;-0.0023817140488431613;;1;Market;0.2683957793055938;0.04053717055873959
2021-01-11;;-0.0026697283176124044;;2;Market;0.048361331076751224;0.7175736023864399
2021-01-11;;-0.0026594510932271033;;3;Market;0.011178978867855762;0.932185415871096
2021-01-11;;-0.002324792938818587;;4;Market;0.14849785921076664;0.25353037752758767
2021-01-11;;-0.002580917486845964;;5;Market;0.03613283737799892;0.7816209961579246
2021-01-11;;-0.0031254089828048745;;6;Market;-0.16113165596565007;0.21531300585251817
2021-01-11;;-0.003921244947517817;;7;Market;-0.31384850556074906;0.011799046239796728
2021-01-12;0.33642111979599126;-0.00011850593493653973;0.011325469272331055;1;Reddit;;
2021-01-12;0.07667646775604875;-0.00025010832607297567;0.5795592863653947;2;Reddit;;
2021-01-12;-0.08997842182679941;-0.0005893372349954932;0.5232768892754751;3;Reddit;;
2021-01-12;0.1485440244891043;6.155024996974765e-05;0.29163342974248135;4;Reddit;;
2021-01-12;0.1008074138312047;-6.314923984324658e-05;0.47657278998395625;5;Reddit;;
2021-01-12;0.07802375835081075;-0.00022127814930284666;0.5632551704583371;6;Reddit;;
2021-01-12;-0.488469286660861;-0.0024208872180592556;0.0004117772172119855;7;Reddit;;
2021-01-12;;0.0023817859608535846;;1;Market;0.26417447598474125;0.04913587181147483
2021-01-12;;0.0030457125544233726;;2;Market;0.0560001516482434;0.6809827691748742
2021-01-12;;0.0031163190631561177;;3;Market;0.04183406847819051;0.7595221184205928
2021-01-12;;0.0027725352157460916;;4;Market;0.15850906902551742;0.24324873869434271
2021-01-12;;0.00310311836959908;;5;Market;0.05600354360420675;0.6833203557581051
2021-01-12;;0.0033029799682788106;;6;Market;-0.034371883900483034;0.8034677231287287
2021-01-12;;0.002252924082140619;;7;Market;-0.3682788432058827;0.02516034257405461
2021-01-13;0.4367610849415121;-0.0031809428867290717;0.0007341997014988627;1;Reddit;;
2021-01-13;0.20559775823986529;-0.004559791707499051;0.14329717980218812;2;Reddit;;
2021-01-13;0.022905313550449714;-0.00513201849910941;0.8745077757094459;3;Reddit;;
2021-01-13;0.21311929820834358;-0.005132182908305402;0.1451373841557721;4;Reddit;;
2021-01-13;0.11727700110960829;-0.0051334882358588935;0.4244201705235412;5;Reddit;;
2021-01-13;0.003336049191316366;-0.005155410679620052;0.9803391701219077;6;Reddit;;
2021-01-13;-0.5024463446088255;-0.005341031036940931;0.0001168523882175911;7;Reddit;;
2021-01-13;;0.0009122374352648595;;1;Market;0.30872493095422426;0.020519019561319154
2021-01-13;;0.0013055388445567216;;2;Market;0.08922899154169278;0.5118693862460442
2021-01-13;;0.0012573325367479498;;3;Market;0.08519945190126915;0.5347973990864577
2021-01-13;;0.0010752668570374628;;4;Market;0.1430412300069006;0.29767823434946444
2021-01-13;;0.0012559403710076938;;5;Market;0.06448859939803114;0.6414148353991491
2021-01-13;;0.0016003690369808016;;6;Market;-0.07806612457985104;0.5564213080623297
2021-01-13;;0.0030007211125900922;;7;Market;-0.478106186842683;0.00026051077343392133
2021-01-14;0.6789149295706703;0.006707085622206557;8.655934991755669e-09;1;Reddit;;
2021-01-14;0.23525201701372295;0.014857289716865323;0.08053811711450282;2;Reddit;;
2021-01-14;-0.021032325270181167;0.019158186724331516;0.8774815541731736;3;Reddit;;
2021-01-14;-0.058153634897785744;0.0196488353000166;0.671881253567304;4;Reddit;;
2021-01-14;-0.08528643198189048;0.01962028035231155;0.5647425097265344;5;Reddit;;
2021-01-14;-0.30372937471198463;0.01887837301237407;0.19197711508637094;6;Reddit;;
2021-01-14;-1.2674851600535915;0.0122927384127564;4.1026888827853315e-05;7;Reddit;;
2021-01-14;;0.009757240478475001;;1;Market;0.6338791976669127;1.4537626596819924e-07
2021-01-14;;0.019378470844809398;;2;Market;0.23914561856279004;0.07527172362204256
2021-01-14;;0.024395547885432925;;3;Market;0.03011506902295063;0.8253025596435591
2021-01-14;;0.025723284279973332;;4;Market;-0.03183698945636947;0.8175854720216744
2021-01-14;;0.026264843275549142;;5;Market;-0.0863321646145197;0.5854374837851163
2021-01-14;;0.02656241813821693;;6;Market;-0.35785730525978077;0.17531098348910135
2021-01-14;;0.02650220074161975;;7;Market;-0.9805556360559101;0.00042880276691490673
2021-01-15;0.6725533456332125;0.005935976116793414;1.342766619992687e-08;1;Reddit;;
2021-01-15;0.22762098985091028;0.013691786245037576;0.09119049643700673;2;Reddit;;
2021-01-15;-0.023406679259747185;0.01790670768073711;0.86379697678085;3;Reddit;;
2021-01-15;-0.05791385209865711;0.01841365777262627;0.6702842796086892;4;Reddit;;
2021-01-15;-0.08572967536978854;0.018980219167168407;0.5328041482042213;5;Reddit;;
2021-01-15;-0.14636190296063895;0.020315649997910544;0.2862327201896413;6;Reddit;;
2021-01-15;-0.33238703654736457;0.023783762841886075;0.01321911881380285;7;Reddit;;
2021-01-15;;0.00582272200300832;;1;Market;0.6434989948572009;8.90028899868408e-08
2021-01-15;;0.012521841948603398;;2;Market;0.25930274637080664;0.05387204919781813
2021-01-15;;0.01627431937776773;;3;Market;0.04861056045008003;0.7226176709780298
2021-01-15;;0.017547157645209824;;4;Market;-0.019593248147059483;0.8864814243855635
2021-01-15;;0.018931436830143165;;5;Market;-0.07994455289619717;0.5679324474740488
2021-01-15;;0.021263726315281044;;6;Market;-0.16514607064663184;0.2334703602948992
2021-01-15;;0.02663211864448082;;7;Market;-0.37714435912060873;0.005040087817905387
2021-01-16;0.672084696025531;0.005010909608635629;1.6656247252106483e-09;1;Reddit;;
2021-01-16;0.22747433510727885;0.012057300829066059;0.07293525260355564;2;Reddit;;
2021-01-16;-0.02228193015579045;0.015910853638081163;0.8625170628320454;3;Reddit;;
2021-01-16;-0.057375050761545386;0.01645901122672593;0.6553748691244119;4;Reddit;;
2021-01-16;-0.08441316257674739;0.01687240999236585;0.5109363139275533;5;Reddit;;
2021-01-16;-0.14570396219896703;0.017898522493711003;0.2537045976216184;6;Reddit;;
2021-01-16;-0.32174639755771756;0.020742935836529267;0.009990011389473611;7;Reddit;;
2021-01-16;;0.0030191954714739334;;1;Market;0.6471882568281203;1.0969788309415844e-08
2021-01-16;;0.007342257197254232;;2;Market;0.27491258962337195;0.029587291737355817
2021-01-16;;0.00950786994291215;;3;Market;0.08020595914362366;0.5353374901794858
2021-01-16;;0.010484684849590857;;4;Market;0.004181925802347495;0.9746227086476614
2021-01-16;;0.01121846206859883;;5;Market;-0.042875778537091305;0.7444442318259961
2021-01-16;;0.01266117182791168;;6;Market;-0.11924285946401596;0.3592438352663454
2021-01-16;;0.016695256447279695;;7;Market;-0.32280984737055773;0.011226595189868209
2021-01-17;0.672084696025531;0.005010909608635629;1.6656247252106483e-09;1;Reddit;;
2021-01-17;0.22747433510727885;0.012057300829066059;0.07293525260355564;2;Reddit;;
2021-01-17;-0.02228193015579045;0.015910853638081163;0.8625170628320454;3;Reddit;;
2021-01-17;-0.057375050761545386;0.01645901122672593;0.6553748691244119;4;Reddit;;
2021-01-17;-0.08441316257674739;0.01687240999236585;0.5109363139275533;5;Reddit;;
2021-01-17;-0.14570396219896703;0.017898522493711003;0.2537045976216184;6;Reddit;;
2021-01-17;-0.32174639755771756;0.020742935836529267;0.009990011389473611;7;Reddit;;
2021-01-17;;0.0030191954714739334;;1;Market;0.6471882568281203;1.0969788309415844e-08
2021-01-17;;0.007342257197254232;;2;Market;0.27491258962337195;0.029587291737355817
2021-01-17;;0.00950786994291215;;3;Market;0.08020595914362366;0.5353374901794858
2021-01-17;;0.010484684849590857;;4;Market;0.004181925802347495;0.9746227086476614
2021-01-17;;0.01121846206859883;;5;Market;-0.042875778537091305;0.7444442318259961
2021-01-17;;0.01266117182791168;;6;Market;-0.11924285946401596;0.3592438352663454
2021-01-17;;0.016695256447279695;;7;Market;-0.32280984737055773;0.011226595189868209
2021-01-18;0.672084696025531;0.005010909608635629;1.6656247252106483e-09;1;Reddit;;
2021-01-18;0.22747433510727885;0.012057300829066059;0.07293525260355564;2;Reddit;;
2021-01-18;-0.02228193015579045;0.015910853638081163;0.8625170628320454;3;Reddit;;
2021-01-18;-0.057375050761545386;0.01645901122672593;0.6553748691244119;4;Reddit;;
2021-01-18;-0.08441316257674739;0.01687240999236585;0.5109363139275533;5;Reddit;;
2021-01-18;-0.14570396219896703;0.017898522493711003;0.2537045976216184;6;Reddit;;
2021-01-18;-0.32174639755771756;0.020742935836529267;0.009990011389473611;7;Reddit;;
2021-01-18;;0.0030191954714739334;;1;Market;0.6471882568281203;1.0969788309415844e-08
2021-01-18;;0.007342257197254232;;2;Market;0.27491258962337195;0.029587291737355817
2021-01-18;;0.00950786994291215;;3;Market;0.08020595914362366;0.5353374901794858
2021-01-18;;0.010484684849590857;;4;Market;0.004181925802347495;0.9746227086476614
2021-01-18;;0.01121846206859883;;5;Market;-0.042875778537091305;0.7444442318259961
2021-01-18;;0.01266117182791168;;6;Market;-0.11924285946401596;0.3592438352663454
2021-01-18;;0.016695256447279695;;7;Market;-0.32280984737055773;0.011226595189868209
2021-01-19;0.6682079679115165;0.00698048478490783;1.837409192280606e-08;1;Reddit;;
2021-01-19;0.21274231255912923;0.016614761683843307;0.1152883735371994;2;Reddit;;
2021-01-19;-0.04743022173704176;0.022062192399916098;0.7289032249900367;3;Reddit;;
2021-01-19;-0.08862377742873226;0.02297598438253541;0.5174549827169652;4;Reddit;;
2021-01-19;-0.11926515706732964;0.023540245500894424;0.38110401848424913;5;Reddit;;
2021-01-19;-0.16032816787002319;0.023994369446634023;0.23021996024094316;6;Reddit;;
2021-01-19;-0.3214340622682156;0.026681821145511493;0.013785883049835109;7;Reddit;;
2021-01-19;;0.006411868984998645;;1;Market;0.6387984080927227;1.1107749918352686e-07
2021-01-19;;0.012889072086386903;;2;Market;0.26654680190073987;0.046505202057587756
2021-01-19;;0.016190681290071084;;3;Market;0.06472653774367339;0.6369808397289389
2021-01-19;;0.01775372145119629;;4;Market;-0.01990246352770443;0.8863070397244621
2021-01-19;;0.018593929399962753;;5;Market;-0.06585381279224867;0.6337094188377606
2021-01-19;;0.01941279080139017;;6;Market;-0.11962078935206433;0.3800732757356624
2021-01-19;;0.022629540539091258;;7;Market;-0.3066114689474374;0.021627478407971645
2021-01-20;0.6795936384794233;0.005506842413547994;8.167240475898576e-09;1;Reddit;;
2021-01-20;0.23613466809245026;0.012755223956195865;0.08053788136831241;2;Reddit;;
2021-01-20;-0.012343247710856623;0.017068558979198473;0.9281918752978918;3;Reddit;;
2021-01-20;-0.05481622403370147;0.01784410493565981;0.6892998454544704;4;Reddit;;
2021-01-20;-0.09473290564983727;0.018664992661754212;0.48932902550169166;5;Reddit;;
2021-01-20;-0.1665086794564936;0.020301879098260204;0.22416883940705043;6;Reddit;;
2021-01-20;-0.32668639512156483;0.023733231522752314;0.015236673062755224;7;Reddit;;
2021-01-20;;0.007236897039938121;;1;Market;0.6336839660823091;1.5754657425065427e-07
2021-01-20;;0.014303395107374824;;2;Market;0.255626294464555;0.05734960076379494
2021-01-20;;0.018499381098260374;;3;Market;0.05495286575407837;0.68718585271185
2021-01-20;;0.020738981960367622;;4;Market;-0.0569685016019571;0.676373509408361
2021-01-20;;0.021600788448587704;;5;Market;-0.09771593455700403;0.47319247923587315
2021-01-20;;0.022205163277740178;;6;Market;-0.13342282671421773;0.3280674822967905
2021-01-20;;0.02506381681210688;;7;Market;-0.3144336107354816;0.018800016964025945
2021-01-21;0.6900931446442233;0.004517264230609432;4.1511920242952965e-09;1;Reddit;;
2021-01-21;0.24331754058909022;0.011644816847285896;0.071121310598724;2;Reddit;;
2021-01-21;0.0025354326376316183;0.015591410598592127;0.9852408760564129;3;Reddit;;
2021-01-21;-0.048715070446129966;0.01643427649116106;0.7215580100151433;4;Reddit;;
2021-01-21;-0.07920034091144029;0.016903493234406437;0.5613224983596639;5;Reddit;;
2021-01-21;-0.14480340036965694;0.017945617220777435;0.28620185033198275;6;Reddit;;
2021-01-21;-0.2866343946019483;0.020465615975868944;0.0320853691607103;7;Reddit;;
2021-01-21;;0.004187665231345591;;1;Market;0.6211736016681588;3.403689931080961e-07
2021-01-21;;0.009288605731337437;;2;Market;0.27178178929823327;0.042970830950362714
2021-01-21;;0.011811160832860431;;3;Market;0.09451849967252846;0.489346576167212
2021-01-21;;0.013885287555039889;;4;Market;-0.04121909098377352;0.7649940593075772
2021-01-21;;0.014277845491904119;;5;Market;-0.06904945640023202;0.6161599124071307
2021-01-21;;0.015436249111439407;;6;Market;-0.12662531931788257;0.3656904233196546
2021-01-21;;0.01982254976855751;;7;Market;-0.33687557301068916;0.014773467414185764
2021-01-22;0.6949919416485816;0.005306470485428508;2.7383400337559726e-09;1;Reddit;;
2021-01-22;0.24346701545062682;0.012675575796860187;0.07002510799449928;2;Reddit;;
2021-01-22;0.005805709994109096;0.01626790966227726;0.966050703545535;3;Reddit;;
2021-01-22;-0.04359576969041649;0.016998478604152094;0.7490661193408952;4;Reddit;;
2021-01-22;-0.07252819141299183;0.017397977496512895;0.5942486228159267;5;Reddit;;
2021-01-22;-0.1426986932020287;0.018539049714803996;0.2920609011655796;6;Reddit;;
2021-01-22;-0.28223951185081053;0.020765422191874855;0.034322411695338416;7;Reddit;;
2021-01-22;;0.007352292379235987;;1;Market;0.6200693439616165;3.40911014911402e-07
2021-01-22;;0.01313728981473076;;2;Market;0.2680219049349244;0.04538807268532496
2021-01-22;;0.015714735071313494;;3;Market;0.0941485347468718;0.4894859028616254
2021-01-22;;0.01759091178971324;;4;Market;-0.043394247932807495;0.7526886326139406
2021-01-22;;0.01793012219162195;;5;Market;-0.07472094135413244;0.5869169889571302
2021-01-22;;0.018579189461626233;;6;Market;-0.12110493185270743;0.3771848970230838
2021-01-22;;0.021294386331562984;;7;Market;-0.32078516409560387;0.01686410638344419
2021-01-23;0.7135388331772488;0.005229245080917073;6.774309730834988e-10;1;Reddit;;
2021-01-23;0.2580408053759099;0.01310835958411629;0.05475627444320226;2;Reddit;;
2021-01-23;0.015510446327266227;0.017380639385751316;0.9099663473103785;3;Reddit;;
2021-01-23;-0.05140392920403233;0.018425562152111934;0.7104655771815063;4;Reddit;;
2021-01-23;-0.07119249178758397;0.01870325663407385;0.607297750984942;5;Reddit;;
2021-01-23;-0.14622852934190522;0.019797078474345885;0.2893135594762504;6;Reddit;;
2021-01-23;-0.27756364101185305;0.02218261191292495;0.03948090762874751;7;Reddit;;
2021-01-23;;0.00747977023104916;;1;Market;0.6633671707903431;2.5741319692239735e-08
2021-01-23;;0.014636792314162882;;2;Market;0.3015334994054367;0.02400680841908503
2021-01-23;;0.018330130152268004;;3;Market;0.12091228876843818;0.37806048263918934
2021-01-23;;0.020841649316825157;;4;Market;-0.02193458817212686;0.8766450963738669
2021-01-23;;0.02124513030585294;;5;Market;-0.0508192615746066;0.7194853875757761
2021-01-23;;0.022036045328587366;;6;Market;-0.10676816906207919;0.4497258766907588
2021-01-23;;0.025282706130621196;;7;Market;-0.27957578330499555;0.038626988707109455
2021-01-24;0.7135388331772488;0.005229245080917073;6.774309730834988e-10;1;Reddit;;
2021-01-24;0.2580408053759099;0.01310835958411629;0.05475627444320226;2;Reddit;;
2021-01-24;0.015510446327266227;0.017380639385751316;0.9099663473103785;3;Reddit;;
2021-01-24;-0.05140392920403233;0.018425562152111934;0.7104655771815063;4;Reddit;;
2021-01-24;-0.07119249178758397;0.01870325663407385;0.607297750984942;5;Reddit;;
2021-01-24;-0.14622852934190522;0.019797078474345885;0.2893135594762504;6;Reddit;;
2021-01-24;-0.27756364101185305;0.02218261191292495;0.03948090762874751;7;Reddit;;
2021-01-24;;0.00747977023104916;;1;Market;0.6633671707903431;2.5741319692239735e-08
2021-01-24;;0.014636792314162882;;2;Market;0.3015334994054367;0.02400680841908503
2021-01-24;;0.018330130152268004;;3;Market;0.12091228876843818;0.37806048263918934
2021-01-24;;0.020841649316825157;;4;Market;-0.02193458817212686;0.8766450963738669
2021-01-24;;0.02124513030585294;;5;Market;-0.0508192615746066;0.7194853875757761
2021-01-24;;0.022036045328587366;;6;Market;-0.10676816906207919;0.4497258766907588
2021-01-24;;0.025282706130621196;;7;Market;-0.27957578330499555;0.038626988707109455
2021-01-25;0.7135388331772488;0.005229245080917073;6.774309730834988e-10;1;Reddit;;
2021-01-25;0.2580408053759099;0.01310835958411629;0.05475627444320226;2;Reddit;;
2021-01-25;0.015510446327266227;0.017380639385751316;0.9099663473103785;3;Reddit;;
2021-01-25;-0.05140392920403233;0.018425562152111934;0.7104655771815063;4;Reddit;;
2021-01-25;-0.07119249178758397;0.01870325663407385;0.607297750984942;5;Reddit;;
2021-01-25;-0.14622852934190522;0.019797078474345885;0.2893135594762504;6;Reddit;;
2021-01-25;-0.27756364101185305;0.02218261191292495;0.03948090762874751;7;Reddit;;
2021-01-25;;0.00747977023104916;;1;Market;0.6633671707903431;2.5741319692239735e-08
2021-01-25;;0.014636792314162882;;2;Market;0.3015334994054367;0.02400680841908503
2021-01-25;;0.018330130152268004;;3;Market;0.12091228876843818;0.37806048263918934
2021-01-25;;0.020841649316825157;;4;Market;-0.02193458817212686;0.8766450963738669
2021-01-25;;0.02124513030585294;;5;Market;-0.0508192615746066;0.7194853875757761
2021-01-25;;0.022036045328587366;;6;Market;-0.10676816906207919;0.4497258766907588
2021-01-25;;0.025282706130621196;;7;Market;-0.27957578330499555;0.038626988707109455
2021-01-26;0.6985061169272138;0.009059845224609148;1.9557364072021985e-09;1;Reddit;;
2021-01-26;0.21770069419263657;0.02306449397258868;0.10166970535739141;2;Reddit;;
2021-01-26;-0.020455711053029534;0.029397507945113383;0.878233791371065;3;Reddit;;
2021-01-26;-0.07120082102665315;0.030582412196159398;0.5910643587612525;4;Reddit;;
2021-01-26;-0.07163975376671242;0.03047239715922997;0.5876648779622272;5;Reddit;;
2021-01-26;-0.12817796886121774;0.03143323548308047;0.3292831557327084;6;Reddit;;
2021-01-26;-0.24047188235704842;0.03311946270264072;0.06225082250180326;7;Reddit;;
2021-01-26;;0.008060443631135743;;1;Market;0.6566405506789643;4.331728882441465e-08
2021-01-26;;0.017624063819697982;;2;Market;0.28621700561171093;0.03241193549992018
2021-01-26;;0.022196694753102784;;3;Market;0.09987905066460748;0.4642881500679519
2021-01-26;;0.02571401038868144;;4;Market;-0.04092444443233249;0.7656494189701601
2021-01-26;;0.02621320870787512;;5;Market;-0.061585532098987206;0.6530641982596521
2021-01-26;;0.027451934160475762;;6;Market;-0.12154087814103665;0.37312543112600627
2021-01-26;;0.03025722419649005;;7;Market;-0.2721309092393044;0.040082897357141836
2021-01-27;0.669001101034228;0.0021265491109017957;2.1596970853714722e-08;1;Reddit;;
2021-01-27;0.3381533493146723;0.004078353372552192;0.011183687823178374;2;Reddit;;
2021-01-27;0.28325625091839296;0.004208697884749138;0.0326997960475974;3;Reddit;;
2021-01-27;0.31010404922504037;0.003297024535372137;0.014462364786419818;4;Reddit;;
2021-01-27;0.18826555134907166;0.0033650477737870127;0.0493354322972904;5;Reddit;;
2021-01-27;0.024987461348711694;0.00549234093465738;0.682580349717677;6;Reddit;;
2021-01-27;-0.07109099425045523;0.008137681491266964;0.2043035378053473;7;Reddit;;
2021-01-27;;0.0006174308935569003;;1;Market;0.5167452130286903;5.024016107276015e-05
2021-01-27;;0.0007745744922305919;;2;Market;0.30776176403364913;0.022108904402056574
2021-01-27;;0.000753354510902329;;3;Market;0.23913109215539646;0.07782441849645377
2021-01-27;;0.0006087009041207438;;4;Market;0.06371862024435265;0.6295496713412789
2021-01-27;;0.0002162189829964297;;5;Market;0.055227595945752425;0.5995762439569843
2021-01-27;;0.001009317351755306;;6;Market;-0.010033977500835534;0.9023372579621118
2021-01-27;;0.004735075957655677;;7;Market;-0.15977770114899192;0.04308141589548543
2021-01-28;0.8107845002340841;0.002982605091404517;3.662647541538308e-14;1;Reddit;;
2021-01-28;0.5943044862575186;0.006535485862691709;1.5476617970148324e-06;2;Reddit;;
2021-01-28;0.49096971041455256;0.008415416461274283;0.00016259299224646374;3;Reddit;;
2021-01-28;0.500605048104452;0.009117317453963861;0.00033285816990848296;4;Reddit;;
2021-01-28;0.40727718266518875;0.011637216032300016;0.003718913420537291;5;Reddit;;
2021-01-28;0.17687955150973356;0.014013193920895988;0.22664495451919234;6;Reddit;;
2021-01-28;0.0340096579191419;0.014935327438900475;0.8188348255307529;7;Reddit;;
2021-01-28;;-0.0015381997202209324;;1;Market;0.5736491278479612;8.457937510563463e-06
2021-01-28;;-0.0018104380518025815;;2;Market;0.37332192244871987;0.007365474153736618
2021-01-28;;-0.0018454289576517622;;3;Market;0.27872679732771605;0.05225439830182913
2021-01-28;;-0.0011352132029309207;;4;Market;0.08022913000444297;0.58250251561279
2021-01-28;;-0.0009266542596775857;;5;Market;0.09051434301095676;0.5168747263267424
2021-01-28;;-0.0008496843682119144;;6;Market;0.016355048598609284;0.9066218655682324
2021-01-28;;-0.0006855305037021852;;7;Market;-0.20389796192689968;0.13871838710046758
2021-01-29;0.8124939316678084;0.0033039505816775555;1.893549347845844e-14;1;Reddit;;
2021-01-29;0.6004148547245829;0.006524480379719595;9.487491388375169e-07;2;Reddit;;
2021-01-29;0.4761227281773105;0.008599807233046753;0.00019194588799388554;3;Reddit;;
2021-01-29;0.44871657297918927;0.009125975733130093;0.0004538911909330756;4;Reddit;;
2021-01-29;0.3907145781218382;0.010133982797029028;0.0026110048060940427;5;Reddit;;
2021-01-29;0.18824841419615856;0.013290347674432493;0.16006859448243393;6;Reddit;;
2021-01-29;0.0023228229325508287;0.016214134506242664;0.9863898126875429;7;Reddit;;
2021-01-29;;0.0004003728931022796;;1;Market;0.5625347521822974;6.111315060832419e-06
2021-01-29;;0.0003658413728017877;;2;Market;0.38857072471165044;0.0030518208620067934
2021-01-29;;0.0007383835603869105;;3;Market;0.2714527020682078;0.0403873064328271
2021-01-29;;0.0008697607587577262;;4;Market;0.10792042072274903;0.40969445937645843
2021-01-29;;0.000837584118093673;;5;Market;0.09413644860795747;0.47259279179687885
2021-01-29;;0.0006796445039704974;;6;Market;0.0046067485219822265;0.9722478848334697
2021-01-29;;0.0005074110795344321;;7;Market;-0.19879057500382025;0.12910995666802802
2021-01-30;0.827519760434361;0.002801574536284419;3.582283208992203e-15;1;Reddit;;
2021-01-30;0.6137597474395654;0.006589878489540293;2.8829901391309927e-07;2;Reddit;;
2021-01-30;0.4736585993189564;0.008688005782150603;0.00018288094142507032;3;Reddit;;
2021-01-30;0.4301431650544456;0.009265433365666107;0.0008708165543760911;4;Reddit;;
2021-01-30;0.3767287986974123;0.009837857210595186;0.0051459043813837915;5;Reddit;;
2021-01-30;0.1923708788327056;0.012963895132789767;0.16153677230392186;6;Reddit;;
2021-01-30;-0.02097035716413126;0.016498674337560974;0.8779838919604357;7;Reddit;;
2021-01-30;;-0.0012484753801959604;;1;Market;0.5767311619663389;3.529502312362912e-06
2021-01-30;;-0.0016365090274134777;;2;Market;0.41428382010698744;0.0015678487790402702
2021-01-30;;-0.00224900453979629;;3;Market;0.3093013854372957;0.020713727421381233
2021-01-30;;-0.002864776761304001;;4;Market;0.2079964665018847;0.123720969213855
2021-01-30;;-0.003194972286839528;;5;Market;0.1889882419582902;0.16680439884380485
2021-01-30;;-0.003621431784212593;;6;Market;0.03983757850368961;0.7684797186375588
2021-01-30;;-0.0035483051906307133;;7;Market;-0.16482943822318796;0.2115168879052925
2021-01-31;0.827519760434361;0.002801574536284419;3.582283208992203e-15;1;Reddit;;
2021-01-31;0.6137597474395654;0.006589878489540293;2.8829901391309927e-07;2;Reddit;;
2021-01-31;0.4736585993189564;0.008688005782150603;0.00018288094142507032;3;Reddit;;
2021-01-31;0.4301431650544456;0.009265433365666107;0.0008708165543760911;4;Reddit;;
2021-01-31;0.3767287986974123;0.009837857210595186;0.0051459043813837915;5;Reddit;;
2021-01-31;0.1923708788327056;0.012963895132789767;0.16153677230392186;6;Reddit;;
2021-01-31;-0.02097035716413126;0.016498674337560974;0.8779838919604357;7;Reddit;;
2021-01-31;;-0.0012484753801959604;;1;Market;0.5767311619663389;3.529502312362912e-06
2021-01-31;;-0.0016365090274134777;;2;Market;0.41428382010698744;0.0015678487790402702
2021-01-31;;-0.00224900453979629;;3;Market;0.3093013854372957;0.020713727421381233
2021-01-31;;-0.002864776761304001;;4;Market;0.2079964665018847;0.123720969213855
2021-01-31;;-0.003194972286839528;;5;Market;0.1889882419582902;0.16680439884380485
2021-01-31;;-0.003621431784212593;;6;Market;0.03983757850368961;0.7684797186375588
2021-01-31;;-0.0035483051906307133;;7;Market;-0.16482943822318796;0.2115168879052925
2021-02-01;0.827519760434361;0.002801574536284419;3.582283208992203e-15;1;Reddit;;
2021-02-01;0.6137597474395654;0.006589878489540293;2.8829901391309927e-07;2;Reddit;;
2021-02-01;0.4736585993189564;0.008688005782150603;0.00018288094142507032;3;Reddit;;
2021-02-01;0.4301431650544456;0.009265433365666107;0.0008708165543760911;4;Reddit;;
2021-02-01;0.3767287986974123;0.009837857210595186;0.0051459043813837915;5;Reddit;;
2021-02-01;0.1923708788327056;0.012963895132789767;0.16153677230392186;6;Reddit;;
2021-02-01;-0.02097035716413126;0.016498674337560974;0.8779838919604357;7;Reddit;;
2021-02-01;;-0.0012484753801959604;;1;Market;0.5767311619663389;3.529502312362912e-06
2021-02-01;;-0.0016365090274134777;;2;Market;0.41428382010698744;0.0015678487790402702
2021-02-01;;-0.00224900453979629;;3;Market;0.3093013854372957;0.020713727421381233
2021-02-01;;-0.002864776761304001;;4;Market;0.2079964665018847;0.123720969213855
2021-02-01;;-0.003194972286839528;;5;Market;0.1889882419582902;0.16680439884380485
2021-02-01;;-0.003621431784212593;;6;Market;0.03983757850368961;0.7684797186375588
2021-02-01;;-0.0035483051906307133;;7;Market;-0.16482943822318796;0.2115168879052925
2021-02-02;0.8146965975326734;0.002893904283744847;2.901701730616035e-16;1;Reddit;;
2021-02-02;0.5933092936221522;0.0063982736742503495;1.656805895825668e-07;2;Reddit;;
2021-02-02;0.4547695716446427;0.008381955258968867;0.00013448491946646267;3;Reddit;;
2021-02-02;0.40246849240416227;0.00925700350425939;0.0007946549967935465;4;Reddit;;
2021-02-02;0.3345569088283636;0.010364168403483986;0.005733530263228269;5;Reddit;;
2021-02-02;0.17722357900497798;0.012704735691505438;0.14623600528510064;6;Reddit;;
2021-02-02;0.006043778188439349;0.014749454061867237;0.9598344547792345;7;Reddit;;
2021-02-02;;-0.0028314907576468453;;1;Market;0.5729223231532288;1.0742006385908502e-06
2021-02-02;;-0.00381294100069423;;2;Market;0.4128122908523707;0.0008808847981463333
2021-02-02;;-0.004406996164712897;;3;Market;0.31252382241561394;0.01355718729840667
2021-02-02;;-0.0050325833658656114;;4;Market;0.19770894190097874;0.12341985724453226
2021-02-02;;-0.005080226565247429;;5;Market;0.18350930319104808;0.15323359196417416
2021-02-02;;-0.005539121486957457;;6;Market;0.028347435450586298;0.8238144775585731
2021-02-02;;-0.005577592081720095;;7;Market;-0.17287365174025918;0.16384215230403593
2021-02-03;0.7933108851470537;0.003529588550400679;9.412409564233491e-15;1;Reddit;;
2021-02-03;0.5545271668283377;0.007604310257924961;2.4915327890657374e-06;2;Reddit;;
2021-02-03;0.394159447271258;0.010398503339102059;0.0013691452380921194;3;Reddit;;
2021-02-03;0.3453292689325857;0.011433193664550709;0.004926393254053484;4;Reddit;;
2021-02-03;0.27539080517807574;0.012754611694214412;0.026444217319223275;5;Reddit;;
2021-02-03;0.10738578513433385;0.015490133079123431;0.38745387066506864;6;Reddit;;
2021-02-03;-0.10207671336171056;0.01865615668057935;0.40890699563381583;7;Reddit;;
2021-02-03;;0.0023971188680673365;;1;Market;0.6359662926200459;1.8073576814706498e-08
2021-02-03;;0.0038581165653625306;;2;Market;0.3839534960065956;0.0018128460148434584
2021-02-03;;0.00467978135271035;;3;Market;0.21975895408160145;0.08159336272822498
2021-02-03;;0.005154932651840648;;4;Market;0.17583593971493458;0.15975022856125684
2021-02-03;;0.005314725871508876;;5;Market;0.15870956538970296;0.21208013722259328
2021-02-03;;0.00562862415490323;;6;Market;0.05317947192697844;0.6723025068518396
2021-02-03;;0.0050486152461827385;;7;Market;-0.07719868886872618;0.5385341475960151
2021-02-04;0.843489142796545;0.000282209699946235;3.1936810083207565e-17;1;Reddit;;
2021-02-04;0.6406907595813571;0.0015225867718320714;4.216713390060684e-08;2;Reddit;;
2021-02-04;0.513099756021042;0.00245897998706385;3.172760570234587e-05;3;Reddit;;
2021-02-04;0.4773395877656367;0.0020912314304696706;0.00020131723687358998;4;Reddit;;
2021-02-04;0.42571669546568397;0.001786658984750332;0.0026700363180134157;5;Reddit;;
2021-02-04;0.24579334800829433;0.004118406558499872;0.10807701523130517;6;Reddit;;
2021-02-04;-0.03471896292627657;0.008698045371949409;0.8274433081487036;7;Reddit;;
2021-02-04;;-0.001528788890270788;;1;Market;0.6483942332741481;6.73480509364715e-09
2021-02-04;;-0.0021354067220985;;2;Market;0.3758193248572902;0.0022072467359503145
2021-02-04;;-0.0022790944569398047;;3;Market;0.20808322110549854;0.09778544820362357
2021-02-04;;-0.002722518163985755;;4;Market;0.17988722812726604;0.14085858801648368
2021-02-04;;-0.003010314486564772;;5;Market;0.16664888597421623;0.18397976554281786
2021-02-04;;-0.0023398554483682822;;6;Market;0.014564733002206919;0.9097576087111101
2021-02-04;;-0.0014498983921453859;;7;Market;-0.1473309449871844;0.24810112726506522
2021-02-05;0.8246875600507517;0.0005583329598545704;8.177315749726014e-17;1;Reddit;;
2021-02-05;0.6204899121440128;0.001265116354913241;5.079209679041922e-08;2;Reddit;;
2021-02-05;0.4661560565929502;0.0013954887862883186;6.627311659578249e-05;3;Reddit;;
2021-02-05;0.39430165197845435;0.0011842721241265737;0.000503528239616814;4;Reddit;;
2021-02-05;0.3085878978482841;0.0017126396850567947;0.007465883731194096;5;Reddit;;
2021-02-05;0.13807993588505846;0.0027798970141911772;0.24174103739340527;6;Reddit;;
2021-02-05;-0.08049242587205731;0.004449044936262275;0.49856194121340414;7;Reddit;;
2021-02-05;;-0.0038196136593673076;;1;Market;0.5522164662287948;2.2557973977693417e-06
2021-02-05;;-0.006384145172819564;;2;Market;0.23790574336457543;0.05729725601245472
2021-02-05;;-0.007962454226004228;;3;Market;0.027921695407693507;0.8194117475387855
2021-02-05;;-0.007986700934848615;;4;Market;0.04392891524289905;0.6886880530278221
2021-02-05;;-0.00787466512965368;;5;Market;0.06269169573749134;0.5763096678461337
2021-02-05;;-0.008666794929869256;;6;Market;-0.1423490073046365;0.1999272942166116
2021-02-05;;-0.009007699189154946;;7;Market;-0.3868873813535276;0.00026586095822106297
2021-02-06;0.8197120986267716;-0.0009327850590851929;2.9993939982341453e-16;1;Reddit;;
2021-02-06;0.6199023618941347;-0.0016519539511639523;8.113666855253175e-08;2;Reddit;;
2021-02-06;0.4513195171017142;-0.0020692915133532943;0.00026098057715216245;3;Reddit;;
2021-02-06;0.3454299103349324;-0.0023683003793029747;0.006231000594097718;4;Reddit;;
2021-02-06;0.20914628004747768;-0.0025271208552349847;0.1009156129992733;5;Reddit;;
2021-02-06;0.022928023176975985;-0.0021559915062378406;0.8553372685607209;6;Reddit;;
2021-02-06;-0.2027910104752027;-0.0013155384003908698;0.09871437366326032;7;Reddit;;
2021-02-06;;-0.002042281968118152;;1;Market;0.5676456775057668;1.1100861224718035e-06
2021-02-06;;-0.0039006458124965847;;2;Market;0.2492187681518035;0.048109453722853135
2021-02-06;;-0.0051388648782937285;;3;Market;0.03226305209774419;0.7998771534424161
2021-02-06;;-0.005259463164428614;;4;Market;0.011141190018045989;0.929547481618421
2021-02-06;;-0.004770331211985477;;5;Market;0.08078369070774262;0.5210015280924793
2021-02-06;;-0.005959582883002948;;6;Market;-0.0864282894215308;0.49372194586219054
2021-02-06;;-0.00902614015805586;;7;Market;-0.4530610570547705;0.00022486061194879
2021-02-07;0.8197120986267716;-0.0009327850590851929;2.9993939982341453e-16;1;Reddit;;
2021-02-07;0.6199023618941347;-0.0016519539511639523;8.113666855253175e-08;2;Reddit;;
2021-02-07;0.4513195171017142;-0.0020692915133532943;0.00026098057715216245;3;Reddit;;
2021-02-07;0.3454299103349324;-0.0023683003793029747;0.006231000594097718;4;Reddit;;
2021-02-07;0.20914628004747768;-0.0025271208552349847;0.1009156129992733;5;Reddit;;
2021-02-07;0.022928023176975985;-0.0021559915062378406;0.8553372685607209;6;Reddit;;
2021-02-07;-0.2027910104752027;-0.0013155384003908698;0.09871437366326032;7;Reddit;;
2021-02-07;;-0.002042281968118152;;1;Market;0.5676456775057668;1.1100861224718035e-06
2021-02-07;;-0.0039006458124965847;;2;Market;0.2492187681518035;0.048109453722853135
2021-02-07;;-0.0051388648782937285;;3;Market;0.03226305209774419;0.7998771534424161
2021-02-07;;-0.005259463164428614;;4;Market;0.011141190018045989;0.929547481618421
2021-02-07;;-0.004770331211985477;;5;Market;0.08078369070774262;0.5210015280924793
2021-02-07;;-0.005959582883002948;;6;Market;-0.0864282894215308;0.49372194586219054
2021-02-07;;-0.00902614015805586;;7;Market;-0.4530610570547705;0.00022486061194879
2021-02-08;0.8197120986267716;-0.0009327850590851929;2.9993939982341453e-16;1;Reddit;;
2021-02-08;0.6199023618941347;-0.0016519539511639523;8.113666855253175e-08;2;Reddit;;
2021-02-08;0.4513195171017142;-0.0020692915133532943;0.00026098057715216245;3;Reddit;;
2021-02-08;0.3454299103349324;-0.0023683003793029747;0.006231000594097718;4;Reddit;;
2021-02-08;0.20914628004747768;-0.0025271208552349847;0.1009156129992733;5;Reddit;;
2021-02-08;0.022928023176975985;-0.0021559915062378406;0.8553372685607209;6;Reddit;;
2021-02-08;-0.2027910104752027;-0.0013155384003908698;0.09871437366326032;7;Reddit;;
2021-02-08;;-0.002042281968118152;;1;Market;0.5676456775057668;1.1100861224718035e-06
2021-02-08;;-0.0039006458124965847;;2;Market;0.2492187681518035;0.048109453722853135
2021-02-08;;-0.0051388648782937285;;3;Market;0.03226305209774419;0.7998771534424161
2021-02-08;;-0.005259463164428614;;4;Market;0.011141190018045989;0.929547481618421
2021-02-08;;-0.004770331211985477;;5;Market;0.08078369070774262;0.5210015280924793
2021-02-08;;-0.005959582883002948;;6;Market;-0.0864282894215308;0.49372194586219054
2021-02-08;;-0.00902614015805586;;7;Market;-0.4530610570547705;0.00022486061194879
2021-02-09;0.8427902565226145;-0.0028922349979395487;2.246094210555645e-18;1;Reddit;;
2021-02-09;0.6804451754610799;-0.005055279448391864;6.374965894299263e-10;2;Reddit;;
2021-02-09;0.5569725330172649;-0.006316952527057476;1.9992492796965016e-06;3;Reddit;;
2021-02-09;0.4624643500634817;-0.006985210701298861;0.00014721531100432767;4;Reddit;;
2021-02-09;0.33257139009092407;-0.007888120405992715;0.00941138330500813;5;Reddit;;
2021-02-09;0.12501854814044533;-0.008952346706694269;0.35872770796764775;6;Reddit;;
2021-02-09;-0.1487553247562154;-0.009642160644799561;0.2820097281606587;7;Reddit;;
2021-02-09;;-0.006164013157735293;;1;Market;0.6135911466492606;7.632335517689143e-08
2021-02-09;;-0.010039655781218213;;2;Market;0.29573734694198794;0.01694776395985315
2021-02-09;;-0.011682283621030319;;3;Market;0.15170881621611973;0.2253444353495938
2021-02-09;;-0.012176497875042635;;4;Market;0.09846759065689753;0.43545834529811156
2021-02-09;;-0.011921408150608171;;5;Market;0.14302122868245593;0.2626550672387302
2021-02-09;;-0.013530345917521933;;6;Market;-0.09324502527313051;0.48139046335118696
2021-02-09;;-0.015488533697152853;;7;Market;-0.4781010157519593;0.0001705879284798594
2021-02-10;0.739979724572027;-0.004501224127619863;2.624596120726451e-12;1;Reddit;;
2021-02-10;0.5291366108171436;-0.008214139436791262;4.470101046770915e-06;2;Reddit;;
2021-02-10;0.3723566847768618;-0.01100813780358052;0.0013884971296715843;3;Reddit;;
2021-02-10;0.28757476584377717;-0.012790338896929525;0.007678616101142468;4;Reddit;;
2021-02-10;0.19112076360938984;-0.014303519142762755;0.06486958072086162;5;Reddit;;
2021-02-10;0.03531903693454469;-0.016162511238880944;0.7282810203429149;6;Reddit;;
2021-02-10;-0.15715805885818931;-0.017985858962723113;0.11292402047740098;7;Reddit;;
2021-02-10;;-0.002467418533272301;;1;Market;0.5671575653682449;3.987981120730434e-07
2021-02-10;;-0.005227605117278045;;2;Market;0.24791992549951494;0.03753640616834952
2021-02-10;;-0.006426315090492808;;3;Market;0.12920971690963257;0.2785779247614015
2021-02-10;;-0.0065598384398057675;;4;Market;0.1127703903052878;0.3452719715089141
2021-02-10;;-0.0057082769022106065;;5;Market;0.1706740043113462;0.1558397019062308
2021-02-10;;-0.008254174153423438;;6;Market;-0.01677270739110208;0.8899623574375493
2021-02-10;;-0.012757593257821347;;7;Market;-0.3657286248025625;0.0017354269079011616
2021-02-11;0.7161006488152739;-0.00527413476179483;3.495049653822344e-11;1;Reddit;;
2021-02-11;0.4906648576543654;-0.009319701039617153;4.2107211515023726e-05;2;Reddit;;
2021-02-11;0.33750888949082947;-0.011858065486139015;0.007305224341798665;3;Reddit;;
2021-02-11;0.20957183702088866;-0.014223222155017248;0.10198120378243271;4;Reddit;;
2021-02-11;0.06730943857773043;-0.01692526509664653;0.6000763206574877;5;Reddit;;
2021-02-11;-0.1724559701966388;-0.021092953354662183;0.16984138160057793;6;Reddit;;
2021-02-11;-0.4300887274072923;-0.02522395156007723;0.000222471193099287;7;Reddit;;
2021-02-11;;-0.0006555569271443367;;1;Market;0.555257375714786;2.1902293923141824e-06
2021-02-11;;-0.0016344569807911693;;2;Market;0.17941159694079442;0.15942304831059148
2021-02-11;;-0.001771957258524078;;3;Market;0.08915925944086736;0.5107567409267166
2021-02-11;;-0.0018083308572880946;;4;Market;0.07339794484406413;0.5888083527348309
2021-02-11;;-0.001203350323951175;;5;Market;0.1701494950433121;0.20891867778198853
2021-02-11;;-0.002466925509326574;;6;Market;-0.022823677506799547;0.8657027041903589
2021-02-11;;-0.005814939108655008;;7;Market;-0.43844683719865957;0.0006433939244098179
2021-02-12;0.709638894683126;-0.004432772279793563;7.492779309539822e-11;1;Reddit;;
2021-02-12;0.4887062816087484;-0.007975080870140958;4.853495362944782e-05;2;Reddit;;
2021-02-12;0.36677768389360027;-0.010033882727129514;0.003258814009268494;3;Reddit;;
2021-02-12;0.23617559402002064;-0.011814489801132639;0.06466349701780795;4;Reddit;;
2021-02-12;0.09457258457259377;-0.013989091833152735;0.4601631455815358;5;Reddit;;
2021-02-12;-0.13899100410811335;-0.018054074062805972;0.27484326019691413;6;Reddit;;
2021-02-12;-0.4211166729186087;-0.023241750296682188;0.0005244691594302913;7;Reddit;;
2021-02-12;;-0.004274758233196563;;1;Market;0.5721251108958493;8.885357981495838e-07
2021-02-12;;-0.007541410925032747;;2;Market;0.2120634485156567;0.09966605470302223
2021-02-12;;-0.00836940512837338;;3;Market;0.14608184484771602;0.3020088174542156
2021-02-12;;-0.00870989707551953;;4;Market;0.05698056491523302;0.6899514264211501
2021-02-12;;-0.008499066072843479;;5;Market;0.10717391100930936;0.4476362297672849
2021-02-12;;-0.009086695457351562;;6;Market;-0.08808945602772651;0.5380454428975152
2021-02-12;;-0.01017115809580039;;7;Market;-0.5653259321167404;2.221055701753994e-05
2021-02-13;0.7114394201542072;-0.00583700280878426;6.08853835960271e-11;1;Reddit;;
2021-02-13;0.49794243192130877;-0.010024714609954011;3.237077394349015e-05;2;Reddit;;
2021-02-13;0.37478450662611934;-0.012640891757666832;0.0024740017930958793;3;Reddit;;
2021-02-13;0.24388303597865105;-0.015237138705367508;0.0545432761282269;4;Reddit;;
2021-02-13;0.1168252326139785;-0.017632966023385245;0.36038666658739316;5;Reddit;;
2021-02-13;-0.09789362035516615;-0.021241207424302463;0.43449399800098354;6;Reddit;;
2021-02-13;-0.3907676396559866;-0.025760717610988335;0.0011313028431498091;7;Reddit;;
2021-02-13;;-0.0022015515398214106;;1;Market;0.5726674706494302;8.288151507555815e-07
2021-02-13;;-0.004289941902098326;;2;Market;0.20241071748848133;0.10867844861358217
2021-02-13;;-0.004807663064493452;;3;Market;0.12408226377821775;0.32864287613832255
2021-02-13;;-0.005509759068659653;;4;Market;0.025766221557873396;0.8416467294172103
2021-02-13;;-0.005701993083394564;;5;Market;0.00403701788430671;0.9752963575331297
2021-02-13;;-0.006870176435894651;;6;Market;-0.12119426416539253;0.3500382549156975
2021-02-13;;-0.009928460179358162;;7;Market;-0.4718485777452685;0.00012642033495285554
