date;gc_index;gc_p;lag;kind
2020-12-14;0.00035310785271122457;0.8491370043096051;1;Market --> Reddit
2020-12-14;0.5063264457899862;2.054279265560192e-06;1;Reddit --> Market
2020-12-14;0.04794041839281799;0.1441039460862776;1;Reddit --> Twitter
2020-12-14;0.025827245819345868;0.28367211466978204;1;Twitter --> Reddit
2020-12-14;0.0014188084297243355;0.8015985523850276;1;Market --> Twitter
2020-12-14;0.058314601509367785;0.10718079323250286;1;Twitter --> Market
2020-12-15;0.0013444726976833282;0.7105075371225289;1;Market --> Reddit
2020-12-15;0.3818010726453721;3.7433366131155524e-05;1;Reddit --> Market
2020-12-15;0.014420114419585729;0.42307988457159273;1;Reddit --> Twitter
2020-12-15;0.042463277401520984;0.16922333100270665;1;Twitter --> Reddit
2020-12-15;0.000961461074902309;0.836125432049041;1;Market --> Twitter
2020-12-15;0.0310298577445943;0.23993838727113725;1;Twitter --> Market
2020-12-16;0.0027843747429085294;0.5932348100166558;1;Market --> Reddit
2020-12-16;0.2727401193086989;0.0004933069061496598;1;Reddit --> Market
2020-12-16;0.002514143996043037;0.7380062591464734;1;Reddit --> Twitter
2020-12-16;0.002025360462619791;0.7640063645420501;1;Twitter --> Reddit
2020-12-16;0.002490954641685199;0.7391731226161833;1;Market --> Twitter
2020-12-16;0.027180494659446566;0.271403606064069;1;Twitter --> Market
2020-12-17;0.006066103963246597;0.39634747671289494;1;Market --> Reddit
2020-12-17;0.27787992385276883;0.00015465213124583795;1;Reddit --> Market
2020-12-17;0.009749591918755175;0.4785650088490334;1;Reddit --> Twitter
2020-12-17;0.01304655164766609;0.4123773867871029;1;Twitter --> Reddit
2020-12-17;0.00266674611902625;0.7109356501972983;1;Market --> Twitter
2020-12-17;0.03252219413303076;0.19558803008533784;1;Twitter --> Market
2020-12-18;0.005923517500461673;0.3717093996585419;1;Market --> Reddit
2020-12-18;0.23335107666831517;0.00021979563522466183;1;Reddit --> Market
2020-12-18;0.013743066148434225;0.36989815559078254;1;Reddit --> Twitter
2020-12-18;0.008090157015685353;0.49147557521070495;1;Twitter --> Reddit
2020-12-18;0.002206897304226306;0.7193582667934599;1;Market --> Twitter
2020-12-18;0.0237321909243039;0.23867424694013753;1;Twitter --> Market
2020-12-19;0.004557664281267585;0.43330443594910595;1;Market --> Reddit
2020-12-19;0.22498182166592393;0.0002853752929531741;1;Reddit --> Market
2020-12-19;0.010953744709345703;0.4234131272693564;1;Reddit --> Twitter
2020-12-19;0.011420695915283049;0.4137006500393968;1;Twitter --> Reddit
2020-12-19;0.0034697383163031104;0.6523200673851073;1;Market --> Twitter
2020-12-19;0.02761087041716594;0.20374465035922937;1;Twitter --> Market
2020-12-20;0.005036246535691286;0.4396301102910374;1;Market --> Reddit
2020-12-20;0.15568067550632217;0.004629060782999181;1;Reddit --> Market
2020-12-20;0.00824653325272686;0.514591545871739;1;Reddit --> Twitter
2020-12-20;0.025742709764768557;0.24954670295221393;1;Twitter --> Reddit
2020-12-20;0.009089664814821723;0.4938426084723314;1;Market --> Twitter
2020-12-20;0.013761340947595025;0.3998589803853342;1;Twitter --> Market
2020-12-21;6.477435492800975e-05;0.9350673742779533;1;Market --> Reddit
2020-12-21;0.01929076012520943;0.35415641423647615;1;Reddit --> Market
2020-12-21;0.0073593801016911;0.5671258233015224;1;Reddit --> Twitter
2020-12-21;0.08535399549249179;0.05128945322691344;1;Twitter --> Reddit
2020-12-21;0.02683280733097352;0.274490979248994;1;Market --> Twitter
2020-12-21;0.02600369681648302;0.2820333329996246;1;Twitter --> Market
2020-12-22;0.0020092837174288496;0.650003895808908;1;Market --> Reddit
2020-12-22;0.05029315576858532;0.1346296169335469;1;Reddit --> Market
2020-12-22;0.00163022469124984;0.7876599804605815;1;Reddit --> Twitter
2020-12-22;0.0914326174207661;0.043667908896462444;1;Twitter --> Reddit
2020-12-22;0.06613775426167712;0.08622382277365558;1;Market --> Twitter
2020-12-22;0.02470953830132973;0.29433869562440446;1;Twitter --> Market
2020-12-23;0.008762283295603588;0.3433450754359719;1;Market --> Reddit
2020-12-23;0.00023395014618389989;0.9187277290104335;1;Reddit --> Market
2020-12-23;0.0001880434620566162;0.9271117479618048;1;Reddit --> Twitter
2020-12-23;0.07705528599327376;0.06404443769656437;1;Twitter --> Reddit
2020-12-23;0.03363721808691956;0.2211338784978397;1;Market --> Twitter
2020-12-23;0.018444212591421583;0.3649366042523763;1;Twitter --> Market
2020-12-24;0.009452066100946399;0.2897186865356492;1;Market --> Reddit
2020-12-24;0.00027637864154858956;0.9050320925865061;1;Reddit --> Market
2020-12-24;0.000816525348522043;0.8375186544484388;1;Reddit --> Twitter
2020-12-24;0.06725477406054536;0.06271946369495733;1;Twitter --> Reddit
2020-12-24;0.02725628758429459;0.2360890456942276;1;Market --> Twitter
2020-12-24;0.013701443615581737;0.4008865553665293;1;Twitter --> Market
2020-12-25;0.01837303689990123;0.12208021593982911;1;Market --> Reddit
2020-12-25;0.0019100391649363813;0.742522897721118;1;Reddit --> Market
2020-12-25;0.0029023328676315834;0.6855105654281424;1;Reddit --> Twitter
2020-12-25;0.06547294134947722;0.05442732177867657;1;Twitter --> Reddit
2020-12-25;0.010532023743816774;0.4404586221439779;1;Market --> Twitter
2020-12-25;0.014423043138625807;0.3666630197335857;1;Twitter --> Market
2020-12-26;0.025544771555336184;0.08793185027767869;1;Market --> Reddit
2020-12-26;0.005021735797053749;0.6180699030214853;1;Reddit --> Market
2020-12-26;0.0009118771824244854;0.8317463343892555;1;Reddit --> Twitter
2020-12-26;0.08331115800283054;0.042268963210817134;1;Twitter --> Reddit
2020-12-26;0.01322147152168306;0.4185071467125272;1;Market --> Twitter
2020-12-26;0.029596567528874074;0.22611385376117324;1;Twitter --> Market
2020-12-27;0.035838451366463776;0.061085222096366514;1;Market --> Reddit
2020-12-27;0.012441370011495147;0.46711127351755244;1;Reddit --> Market
2020-12-27;0.03322754059115662;0.23467260878511023;1;Reddit --> Twitter
2020-12-27;0.066874766069791;0.09179782936644089;1;Twitter --> Reddit
2020-12-27;0.007882684418297895;0.5627064020887189;1;Market --> Twitter
2020-12-27;0.009498391005503497;0.5251777563461253;1;Twitter --> Market
2020-12-28;0.09071158675194757;0.00645933358802062;1;Market --> Reddit
2020-12-28;0.04611182610379527;0.20070722923116704;1;Reddit --> Market
2020-12-28;0.022037290970160838;0.3764015446042046;1;Reddit --> Twitter
2020-12-28;0.004671087954645305;0.6838348331052584;1;Twitter --> Reddit
2020-12-28;0.027262967787501133;0.32518890984614435;1;Market --> Twitter
2020-12-28;0.0024550357161934842;0.7678157194796666;1;Twitter --> Market
2020-12-29;0.08109658399726481;0.010021408618555808;1;Market --> Reddit
2020-12-29;0.02479324293667091;0.3481269210722988;1;Reddit --> Market
2020-12-29;0.0012582919958537048;0.8326048703835824;1;Reddit --> Twitter
2020-12-29;0.003168350580953983;0.7373291531196855;1;Twitter --> Reddit
2020-12-29;0.019875456710896598;0.400886654221986;1;Market --> Twitter
2020-12-29;0.025709279895799138;0.3393732605936346;1;Twitter --> Market
2020-12-30;0.042003266392546645;0.06386138878724142;1;Market --> Reddit
2020-12-30;0.0010118827263460321;0.849669547371287;1;Reddit --> Market
2020-12-30;0.00047252735919951446;0.8969432584234833;1;Reddit --> Twitter
2020-12-30;0.0005969347994205373;0.8842535952746347;1;Twitter --> Reddit
2020-12-30;0.012100863917893893;0.5121708727582219;1;Market --> Twitter
2020-12-30;0.001129330513132727;0.8412944405630407;1;Twitter --> Market
2020-12-31;0.041209597315567954;0.0446074351406263;1;Market --> Reddit
2020-12-31;0.001035592125606102;0.8338243033454166;1;Reddit --> Market
2020-12-31;0.0020138817502034917;0.7698523370267156;1;Reddit --> Twitter
2020-12-31;0.0009262835914768478;0.8427178202217918;1;Twitter --> Reddit
2020-12-31;0.030652098843694006;0.2536944849903249;1;Market --> Twitter
2020-12-31;0.0010917373039977384;0.8294465396240238;1;Twitter --> Market
2021-01-01;0.03647743821527839;0.04143512660326501;1;Market --> Reddit
2021-01-01;0.00026412171678841056;0.9089646038205571;1;Reddit --> Market
2021-01-01;0.0032750053954392643;0.6872107833221852;1;Reddit --> Twitter
2021-01-01;0.002193099760053875;0.7417847603252703;1;Twitter --> Reddit
2021-01-01;0.03362708523403212;0.19697360152697405;1;Market --> Twitter
2021-01-01;0.0001376559775842335;0.9342102424793424;1;Twitter --> Market
2021-01-02;0.04305753994938075;0.04008446064004521;1;Market --> Reddit
2021-01-02;0.0034014177922324245;0.7037787070385743;1;Reddit --> Market
2021-01-02;0.005419336192138793;0.6312726190912075;1;Reddit --> Twitter
2021-01-02;0.0019223907772014364;0.7749967730157362;1;Twitter --> Reddit
2021-01-02;0.040700341789435136;0.18841687499490953;1;Market --> Twitter
2021-01-02;8.902927707481776e-05;0.9509496438874023;1;Twitter --> Market
2021-01-03;0.0019729344914709624;0.6879734377885847;1;Market --> Reddit
2021-01-03;0.01872645919947274;0.41484596104720806;1;Reddit --> Market
2021-01-03;0.0021321790802795097;0.7832114298221304;1;Reddit --> Twitter
2021-01-03;0.0003456482695281494;0.9117924995460819;1;Twitter --> Reddit
2021-01-03;0.04234652144731413;0.22012974220264087;1;Market --> Twitter
2021-01-03;0.002081481802278486;0.7857406280223678;1;Twitter --> Market
2021-01-04;0.0012321150896764073;0.7761236224497334;1;Market --> Reddit
2021-01-04;0.018707471574486812;0.46523970947788384;1;Reddit --> Market
2021-01-04;0.0011479920249654809;0.856450301301484;1;Reddit --> Twitter
2021-01-04;8.421917773138191e-05;0.9609224188181869;1;Twitter --> Reddit
2021-01-04;0.03910931156165748;0.2910299862129455;1;Market --> Twitter
2021-01-04;0.002287668177911313;0.7984449743376978;1;Twitter --> Market
2021-01-05;0.003932612735598177;0.5991873157247007;1;Market --> Reddit
2021-01-05;8.13702108191666e-06;0.9874300399531686;1;Reddit --> Market
2021-01-05;0.0012281049500339027;0.8465268531401157;1;Reddit --> Twitter
2021-01-05;2.149356244836499e-05;0.9795719979152945;1;Twitter --> Reddit
2021-01-05;0.05393374184889666;0.19959694406528453;1;Market --> Twitter
2021-01-05;0.0003123793711681041;0.9222373373874428;1;Twitter --> Market
2021-01-06;0.0024086404826879617;0.6483407036976039;1;Market --> Reddit
2021-01-06;0.006155821170336569;0.6308829007975392;1;Reddit --> Market
2021-01-06;7.810385428297446e-05;0.9568382283540968;1;Reddit --> Twitter
2021-01-06;0.0014037580967473956;0.8185219123223717;1;Twitter --> Reddit
2021-01-06;0.03316344841124636;0.26474271701070134;1;Market --> Twitter
2021-01-06;0.008044206741683286;0.5828265940790023;1;Twitter --> Market
2021-01-07;0.0015834059425931216;0.6870892423461661;1;Market --> Reddit
2021-01-07;0.005729909732386941;0.6135773056475099;1;Reddit --> Market
2021-01-07;1.667513870015361e-06;0.9931267344048614;1;Reddit --> Twitter
2021-01-07;0.001039759068687862;0.829681681964531;1;Twitter --> Reddit
2021-01-07;0.026487915770636843;0.2775971945906785;1;Market --> Twitter
2021-01-07;0.007943845072443917;0.5521238777885537;1;Twitter --> Market
2021-01-08;0.0012679638625982608;0.698185300151505;1;Market --> Reddit
2021-01-08;0.0051635149772942006;0.6060719653921744;1;Reddit --> Market
2021-01-08;0.002566872421005522;0.7161613760098979;1;Reddit --> Twitter
2021-01-08;0.002236781014761659;0.734300097920913;1;Twitter --> Reddit
2021-01-08;0.0224345319242242;0.28241038109006195;1;Market --> Twitter
2021-01-08;0.006989265258574629;0.5485250319041128;1;Twitter --> Market
2021-01-09;0.0011114951502663622;0.7165616110875086;1;Market --> Reddit
2021-01-09;0.0016945822517381215;0.7676701593650593;1;Reddit --> Market
2021-01-09;0.005400817234070556;0.5979121254524761;1;Reddit --> Twitter
2021-01-09;0.0034163132078078896;0.6748780527918019;1;Twitter --> Reddit
2021-01-09;0.020675404271273286;0.3021113179768403;1;Market --> Twitter
2021-01-09;0.013603840325293071;0.40256923267925004;1;Twitter --> Market
2021-01-10;0.0008359269151045559;0.7697703379043594;1;Market --> Reddit
2021-01-10;0.00011873857566714499;0.9420508109331617;1;Reddit --> Market
2021-01-10;0.0019002573282866665;0.7712012635459385;1;Reddit --> Twitter
2021-01-10;0.0008144447452232746;0.8490102132344244;1;Twitter --> Reddit
2021-01-10;0.028662237718942767;0.2587216793895218;1;Market --> Twitter
2021-01-10;0.011100856456119315;0.4821375745305132;1;Twitter --> Market
2021-01-11;0.0004756141386408397;0.8393999231702197;1;Market --> Reddit
2021-01-11;0.020528064396234978;0.3802515891839129;1;Reddit --> Market
2021-01-11;0.08508857463171607;0.07402629116687885;1;Reddit --> Twitter
2021-01-11;0.011896136479907712;0.5041686402095626;1;Twitter --> Reddit
2021-01-11;0.012383931790644374;0.49555384720669104;1;Market --> Twitter
2021-01-11;0.06927601426838281;0.10697967683482609;1;Twitter --> Market
2021-01-12;0.010275160015137749;0.3462016664795038;1;Market --> Reddit
2021-01-12;0.03697653066384837;0.23894623812289498;1;Reddit --> Market
2021-01-12;0.02827319227327787;0.30313030744140973;1;Reddit --> Twitter
2021-01-12;6.95511906141007e-05;0.9592677387688024;1;Twitter --> Reddit
2021-01-12;0.004647212695968228;0.6763297063962186;1;Market --> Twitter
2021-01-12;0.005229355610931899;0.6578715592930204;1;Twitter --> Market
2021-01-13;0.0048718583620052155;0.47983781777488876;1;Market --> Reddit
2021-01-13;0.026554960819016475;0.2769899163306457;1;Reddit --> Market
2021-01-13;3.081744599826968e-07;0.9970451795305098;1;Reddit --> Twitter
2021-01-13;0.0055790972818347976;0.6182839909147979;1;Twitter --> Reddit
2021-01-13;0.00212105445138454;0.7586648516532926;1;Market --> Twitter
2021-01-13;0.0004595735480432309;0.8862810074028803;1;Twitter --> Market
2021-01-14;0.08404494894110372;0.0015925481709642302;1;Market --> Reddit
2021-01-14;0.48028521686412;6.542338685036573e-07;1;Reddit --> Market
2021-01-14;0.001528921752507636;0.7790077605328378;1;Reddit --> Twitter
2021-01-14;0.019773367069897577;0.3129005746409348;1;Twitter --> Reddit
2021-01-14;0.002773184718284572;0.7054875314056014;1;Market --> Twitter
2021-01-14;0.011118634557252025;0.44921103666907924;1;Twitter --> Market
2021-01-15;0.07585086425053077;0.0013901265564156176;1;Market --> Reddit
2021-01-15;0.4046626296734375;1.1373271355039822e-06;1;Reddit --> Market
2021-01-15;0.0038767483325063542;0.6339077818977716;1;Reddit --> Twitter
2021-01-15;0.006706950722725705;0.5310547765210123;1;Twitter --> Reddit
2021-01-15;0.0014774720471374628;0.7687587322609929;1;Market --> Twitter
2021-01-15;0.004245029051738547;0.6182435254565908;1;Twitter --> Market
2021-01-16;0.05616604799114962;0.005945956317831754;1;Market --> Reddit
2021-01-16;0.3182872060103227;1.5914544238412553e-05;1;Reddit --> Market
2021-01-16;0.006934895306579568;0.5241559337595982;1;Reddit --> Twitter
2021-01-16;0.004419942859390901;0.6110995238047259;1;Twitter --> Reddit
2021-01-16;0.007892032870139664;0.49682897128777204;1;Market --> Twitter
2021-01-16;0.0003615626218503154;0.8843651197900628;1;Twitter --> Market
2021-01-17;0.06473721564040454;0.0055897191180781;1;Market --> Reddit
2021-01-17;0.3316314953878109;3.575474737011781e-05;1;Reddit --> Market
2021-01-17;0.006566594908064603;0.5608715872725657;1;Reddit --> Twitter
2021-01-17;0.004005483060347276;0.6496887445489818;1;Twitter --> Reddit
2021-01-17;0.0067914119503346485;0.5542398919199096;1;Market --> Twitter
2021-01-17;0.00022092192673879433;0.9150525368516093;1;Twitter --> Market
2021-01-18;0.07225046715758339;0.0065051291477985764;1;Market --> Reddit
2021-01-18;0.36715358734410597;5.279604112560566e-05;1;Reddit --> Market
2021-01-18;0.005848557835466435;0.6099287677332761;1;Reddit --> Twitter
2021-01-18;0.003875934750907046;0.6779077464934973;1;Twitter --> Reddit
2021-01-18;0.00710787434926986;0.5738261308831306;1;Market --> Twitter
2021-01-18;0.00012380733871819068;0.9408290796029036;1;Twitter --> Market
2021-01-19;0.08326850451085682;0.0073223200930691325;1;Market --> Reddit
2021-01-19;0.4036519928157504;9.95580327513196e-05;1;Reddit --> Market
2021-01-19;0.009623314849524441;0.5480011516297839;1;Reddit --> Twitter
2021-01-19;0.004999906112543163;0.6649936470228944;1;Twitter --> Reddit
2021-01-19;0.008525346904437701;0.5717687820424009;1;Market --> Twitter
2021-01-19;0.0002071956207031043;0.9297569814185985;1;Twitter --> Market
2021-01-20;0.044202535501843686;0.05071912786329768;1;Market --> Reddit
2021-01-20;0.24467758663791217;0.0024484569843852234;1;Reddit --> Market
2021-01-20;0.008679195043759991;0.5683198315543694;1;Reddit --> Twitter
2021-01-20;0.003770340055522646;0.7068922740849855;1;Twitter --> Reddit
2021-01-20;0.005923512712016885;0.6374043709319839;1;Market --> Twitter
2021-01-20;0.00017361254750265277;0.9356876314411132;1;Twitter --> Market
2021-01-21;0.03695971916357597;0.051633028200241106;1;Market --> Reddit
2021-01-21;0.24848042070657994;0.0008817939683788651;1;Reddit --> Market
2021-01-21;0.012828543310375057;0.4498963195011715;1;Reddit --> Twitter
2021-01-21;0.003451881039703123;0.6951007253001238;1;Twitter --> Reddit
2021-01-21;0.009454784583783704;0.5165539817675916;1;Market --> Twitter
2021-01-21;0.0011084263818158541;0.8242365148025385;1;Twitter --> Market
2021-01-22;0.03449266137965331;0.043119696171082314;1;Market --> Reddit
2021-01-22;0.23960699789157708;0.00044270670963652864;1;Reddit --> Market
2021-01-22;0.011792911884083112;0.4357800103326399;1;Reddit --> Twitter
2021-01-22;0.0031073001605269558;0.6891253069771184;1;Twitter --> Reddit
2021-01-22;0.00951136759136528;0.48398874431378114;1;Market --> Twitter
2021-01-22;0.00037208812273682425;0.8898989270653592;1;Twitter --> Market
2021-01-23;0.029042765367818826;0.06346912497505826;1;Market --> Reddit
2021-01-23;0.22253529176066825;0.0007098913060676085;1;Reddit --> Market
2021-01-23;0.008515479994227637;0.5078130264269192;1;Reddit --> Twitter
2021-01-23;0.0037624583392075967;0.6597920257561924;1;Twitter --> Reddit
2021-01-23;0.005170333087753379;0.6058342323467858;1;Market --> Twitter
2021-01-23;0.0010106623234516225;0.819531023722152;1;Twitter --> Market
2021-01-24;0.05945415814789057;0.01357079048572718;1;Market --> Reddit
2021-01-24;0.27241787191870587;0.0004971169606996402;1;Reddit --> Market
2021-01-24;0.0013255762722470211;0.808096373278671;1;Reddit --> Twitter
2021-01-24;0.00011441729794016764;0.9431132401046196;1;Twitter --> Reddit
2021-01-24;0.0013464514885054564;0.806620929271016;1;Market --> Twitter
2021-01-24;0.00014240736837122187;0.9365485578623229;1;Twitter --> Market
2021-01-25;1.2410244215182202e-05;0.9738846747814454;1;Market --> Reddit
2021-01-25;0.010402076581714475;0.5322378877442273;1;Reddit --> Market
2021-01-25;0.0014614497620762399;0.8148965444761331;1;Reddit --> Twitter
2021-01-25;3.1767854870887087e-06;0.9912911600149394;1;Twitter --> Reddit
2021-01-25;0.00046854636136744413;0.8945416510660907;1;Market --> Twitter
2021-01-25;0.00010148134998940054;0.9508081991705081;1;Twitter --> Market
2021-01-26;0.005098970407330508;0.5069654602355784;1;Market --> Reddit
2021-01-26;0.000996953580488697;0.8466749479639073;1;Reddit --> Market
2021-01-26;0.01587345820671869;0.44036999163324264;1;Reddit --> Twitter
2021-01-26;0.003712152308847899;0.7090590142100925;1;Twitter --> Reddit
2021-01-26;0.001007238153723811;0.8458959828621485;1;Market --> Twitter
2021-01-26;0.0003669729384470413;0.9066107619314171;1;Twitter --> Market
2021-01-27;0.012564973449522697;0.29756427988494233;1;Market --> Reddit
2021-01-27;0.0030292779193137193;0.7360728396801218;1;Reddit --> Market
2021-01-27;0.008302297108429025;0.5768427468462938;1;Reddit --> Twitter
2021-01-27;0.002679046737040675;0.7512621799038288;1;Twitter --> Reddit
2021-01-27;0.0007895447005661851;0.8633767909065535;1;Market --> Twitter
2021-01-27;0.0017064612869072252;0.8002848518302372;1;Twitter --> Market
2021-01-28;0.013189229944630208;0.24500581956532483;1;Market --> Reddit
2021-01-28;0.021024151693577447;0.33339849783365005;1;Reddit --> Market
2021-01-28;0.06309561064829544;0.09378953271888736;1;Reddit --> Twitter
2021-01-28;0.00016791238600728125;0.9311134306566963;1;Twitter --> Reddit
2021-01-28;0.0019738051254327917;0.7669412772085226;1;Market --> Twitter
2021-01-28;0.008544364883567877;0.5374687901112789;1;Twitter --> Market
2021-01-29;0.008840490226813229;0.3058759426998908;1;Market --> Reddit
2021-01-29;0.018644992009428128;0.32711714410089476;1;Reddit --> Market
2021-01-29;0.03548936281870235;0.17638279554618694;1;Reddit --> Twitter
2021-01-29;0.003100724234662053;0.6894372725471316;1;Twitter --> Reddit
2021-01-29;0.0008766796774805133;0.8317263153843742;1;Market --> Twitter
2021-01-29;0.0077759106300159635;0.5268410634257377;1;Twitter --> Market
2021-01-30;0.0073019819347198405;0.3213033648450153;1;Market --> Reddit
2021-01-30;0.015205893609027507;0.34558928004667966;1;Reddit --> Market
2021-01-30;0.05091881202248573;0.08435307821967744;1;Reddit --> Twitter
2021-01-30;0.0015474953321804243;0.763502062735887;1;Twitter --> Reddit
2021-01-30;7.882030671683179e-05;0.9458608624684397;1;Market --> Twitter
2021-01-30;0.009451139622883149;0.4571288305833331;1;Twitter --> Market
2021-01-31;0.007329792522446144;0.35116508016791903;1;Market --> Reddit
2021-01-31;0.03158717642946215;0.20213821010782598;1;Reddit --> Market
2021-01-31;0.047331462777683325;0.11844385877224191;1;Reddit --> Twitter
2021-01-31;0.0001115672007366322;0.9395764208504842;1;Twitter --> Reddit
2021-01-31;0.0007836812434760284;0.8407754027990124;1;Market --> Twitter
2021-01-31;0.008604617167925887;0.5056003482094562;1;Twitter --> Market
2021-02-01;0.013146659546375393;0.24576889171111183;1;Market --> Reddit
2021-02-01;0.059834575744757576;0.10270971085585313;1;Reddit --> Market
2021-02-01;0.0397536109516682;0.1834794876308116;1;Reddit --> Twitter
2021-02-01;5.113625053670598e-06;0.9879640121841331;1;Twitter --> Reddit
2021-02-01;0.00010968928221667482;0.9442990412078863;1;Market --> Twitter
2021-02-01;0.014469283592794105;0.4222903686200762;1;Twitter --> Market
2021-02-02;0.015963856366065655;0.20088939726001637;1;Market --> Reddit
2021-02-02;0.04113189813011638;0.17606195309326933;1;Reddit --> Market
2021-02-02;0.033772719353311886;0.22020598610163453;1;Reddit --> Twitter
2021-02-02;6.843923476901446e-05;0.9559885230509255;1;Twitter --> Reddit
2021-02-02;0.013201748196200931;0.4433788992196739;1;Market --> Twitter
2021-02-02;3.6003112934484394e-06;0.9899006784563665;1;Twitter --> Market
2021-02-03;0.0062941469806059944;0.4219133973946606;1;Market --> Reddit
2021-02-03;0.09172812315430053;0.04332926128485438;1;Reddit --> Market
2021-02-03;0.0584782137288651;0.10668942329131327;1;Reddit --> Twitter
2021-02-03;0.0008412015505210318;0.8465803351764289;1;Twitter --> Reddit
2021-02-03;0.001177262602445305;0.8189528554440544;1;Market --> Twitter
2021-02-03;0.018156000913705925;0.3687102102792006;1;Twitter --> Market
2021-02-04;0.0023147142212021177;0.6003288642113915;1;Market --> Reddit
2021-02-04;0.036597919245631653;0.16977403401486021;1;Reddit --> Market
2021-02-04;0.06364939364350118;0.0702030221429576;1;Reddit --> Twitter
2021-02-04;0.0011438831938198988;0.8082226059061227;1;Twitter --> Reddit
2021-02-04;0.0029739214375704747;0.6955293703851386;1;Market --> Twitter
2021-02-04;0.011170596516619693;0.44815337919542986;1;Twitter --> Market
2021-02-05;0.0020237532481483834;0.6015843731513629;1;Market --> Reddit
2021-02-05;0.030346830123222184;0.18271608807973685;1;Reddit --> Market
2021-02-05;0.04770183657760208;0.09480959924398442;1;Reddit --> Twitter
2021-02-05;0.00017410599597560906;0.9196111049258786;1;Twitter --> Reddit
2021-02-05;0.0008954326833452238;0.8189643862653763;1;Market --> Twitter
2021-02-05;0.008445724192815428;0.48210589284677485;1;Twitter --> Market
2021-02-06;0.0009345371448974845;0.7392059751178127;1;Market --> Reddit
2021-02-06;0.02859758423834136;0.22489199264074203;1;Reddit --> Market
2021-02-06;0.047515257134832414;0.1177313320569388;1;Reddit --> Twitter
2021-02-06;5.569616505024729e-06;0.9864871861906462;1;Twitter --> Reddit
2021-02-06;0.001297604562540874;0.7960096996851873;1;Market --> Twitter
2021-02-06;0.022000398737318006;0.28711632575696394;1;Twitter --> Market
2021-02-07;0.0006600548457228033;0.7948090321047586;1;Market --> Reddit
2021-02-07;0.025163839578836774;0.28994259251049226;1;Reddit --> Market
2021-02-07;0.014319982613389196;0.42469456781771175;1;Reddit --> Twitter
2021-02-07;0.0008894595059217655;0.8422971853706203;1;Twitter --> Reddit
2021-02-07;0.0003065894582874439;0.9070122484824324;1;Market --> Twitter
2021-02-07;0.03450167651232042;0.2152931871533244;1;Twitter --> Market
2021-02-08;0.0011831967145516365;0.7492352306255986;1;Market --> Reddit
2021-02-08;0.005266588013683154;0.6567335744046978;1;Reddit --> Market
2021-02-08;2.863134444066125e-08;0.9991732089222085;1;Reddit --> Twitter
2021-02-08;0.044933009286012474;0.19423205969061116;1;Twitter --> Reddit
2021-02-08;0.00016087292713394262;0.9380872660019713;1;Market --> Twitter
2021-02-08;0.012091193815811639;0.5006935166181897;1;Twitter --> Market
2021-02-09;0.0010829026487885263;0.7827074842018991;1;Market --> Reddit
2021-02-09;0.04548835438972509;0.23879943363213227;1;Reddit --> Market
2021-02-09;0.0016796601869027488;0.8209252438973719;1;Reddit --> Twitter
2021-02-09;0.05606163823791515;0.19095417448908175;1;Twitter --> Reddit
2021-02-09;0.013480070348441701;0.5213585652197312;1;Market --> Twitter
2021-02-09;0.0020014361678049666;0.8048406092952377;1;Twitter --> Market
2021-02-10;0.0009924562010535654;0.8167207199418786;1;Market --> Reddit
2021-02-10;0.029101077405479236;0.408190388450941;1;Reddit --> Market
2021-02-10;0.0003132867452079112;0.9316149036912187;1;Reddit --> Twitter
2021-02-10;0.0452950576661801;0.3021320562394958;1;Twitter --> Reddit
2021-02-10;0.024146101970456604;0.45121978329035306;1;Market --> Twitter
2021-02-10;0.009266818528182626;0.6407036730920957;1;Twitter --> Market
