date;coeff_volume;coeff_occurrences;coeff_tweets;p_volume;p_occurrences;p_tweets;const;lag;kind
2020-12-14;0.04740465220305324;0.5212439629049709;-0.20387970041135767;0.7425287665145396;0.003193088776106748;0.2740952117194951;-0.006011413138858308;1;Reddit
2020-12-14;0.16328543356788297;0.7601575678622933;0.3424250576833718;0.15341551751165824;6.553911931323972e-07;0.022080614593550263;0.010049694827657975;1;Market
2020-12-14;-0.08455589392991812;0.18268050637231625;0.6961690394698035;0.3542217960927544;0.08955993450299979;3.319488710936015e-07;-0.0033259777969711847;1;Tweets
2020-12-14;0.0;0.11842351937747689;0.6824147598498826;0.0;0.1441039460862753;3.8040183065813005e-07;-0.003909927675559641;1;Tweets (Reddit)
2020-12-14;0.0;0.5572684193743346;-0.19616862538888447;0.0;5.712023347657705e-05;0.2836721146697817;-0.005684032756345337;1;Reddit (Tweets)
2020-12-14;0.027281787158627398;0.5280881861542608;0.0;0.8491370043096035;0.0028623170135485235;0.0;-0.004244795870917972;1;Reddit (Market)
2020-12-14;0.1970826836604079;0.7486623894006467;0.0;0.09928461683715382;2.054279265560157e-06;0.0;0.007082582267366744;1;Market (Reddit)
2020-12-14;0.5887328778836001;0.0;0.31145102421424864;3.871630055441381e-06;0.0;0.10718079323250236;0.004127098397622806;1;Market (Tweets)
2020-12-14;0.017687322277175656;0.0;0.6887253825784503;0.801598552385021;0.0;5.851586711456561e-07;-0.004749291805302648;1;Tweets (Market)
2020-12-15;-0.05044977921074675;0.6386501336162034;-0.25365997904943505;0.7484665725316252;0.0003062377849520981;0.17785029135302846;-0.0030734553747712185;1;Reddit
2020-12-15;0.18748021706999113;0.6038648665805468;0.10685287364456922;0.1638827129447907;7.339930783429128e-05;0.49942434720670514;0.001883195531319038;1;Market
2020-12-15;-0.04845437829691884;0.10483679723010099;0.6385928080294525;0.6727128205052976;0.38209599802797967;2.3364224620752376e-05;0.0004293228463996164;1;Tweets
2020-12-15;0.0;0.07158001441804909;0.6363216226739214;0.0;0.42307988457159174;2.0311799640698186e-05;0.0002659180455197763;1;Tweets (Reddit)
2020-12-15;0.0;0.604023802434188;-0.2560246941435199;0.0;9.964832938336022e-06;0.1692233310027048;-0.0032435893526716925;1;Reddit (Tweets)
2020-12-15;-0.05891913180484358;0.6023981690555398;0.0;0.7105075371225122;0.0005659998933976745;0.0;-0.0008689795247053397;1;Reddit (Market)
2020-12-15;0.19104788535562273;0.619135807637484;0.0;0.15329414033183453;3.7433366131155625e-05;0.0;0.0009545721815012024;1;Market (Reddit)
2020-12-15;0.5690784052008424;0.0;0.2184004097831287;1.665876480686806e-05;0.0;0.2399383872711393;0.00212873900948348;1;Market (Tweets)
2020-12-15;0.01779476797149042;0.0;0.6579585421114753;0.8361254320490397;0.0;1.0805848878336151e-05;0.0004719515755342812;1;Tweets (Market)
2020-12-16;-0.09718331960079829;0.6216312528341655;-0.061273408877340965;0.5879015965924387;0.001310230639235117;0.7484567754929783;0.0019047588321064366;1;Reddit
2020-12-16;0.17060797427851027;0.5520668695288693;0.08940743113110872;0.2700306211570392;0.0009199989866148563;0.5858792940608886;-0.0002485310397963873;1;Market
2020-12-16;-0.10800034539781302;0.10992754280448343;0.35991141775870084;0.4246973160521722;0.42433096402903026;0.01552811408428704;0.006982727835269723;1;Tweets
2020-12-16;0.0;0.032354193539200986;0.3648241455598818;0.0;0.7380062591464744;0.013744292263110872;0.0069026534013272986;1;Tweets (Reddit)
2020-12-16;0.0;0.5518274427964898;-0.056852726755859145;0.0;7.999026367960514e-05;0.7640063645420507;0.0018327044393449047;1;Reddit (Tweets)
2020-12-16;-0.09473322788090775;0.610495322207746;0.0;0.5932348100166518;0.0011611476903380777;0.0;0.0012048583692121275;1;Reddit (Market)
2020-12-16;0.16703290948736377;0.568315923870785;0.0;0.2757840380098905;0.0004933069061496446;0.0;0.0007727325651080731;1;Market (Reddit)
2020-12-16;0.5539693244115149;0.0;0.199754972002415;3.83061279712932e-05;0.0;0.27140360606407055;-0.0019181052550373192;1;Market (Tweets)
2020-12-16;-0.03166544187010438;0.0;0.38188381764723567;0.7391731226161891;0.0;0.008964219965164269;0.0066502822545961805;1;Tweets (Market)
2020-12-17;-0.1342996899476853;0.6675668081390754;0.1145211165248299;0.43369060720935193;0.00016998915551259144;0.45169402065304987;-0.0036482875964158447;1;Reddit
2020-12-17;0.181250806891765;0.5163133994447856;0.04096517117782193;0.20497175277711127;0.00040705386993363695;0.7449643551027822;0.0013199983962159728;1;Market
2020-12-17;-0.17633648928846316;0.19034921609882222;0.45527264699815884;0.224912081042907;0.17607180891016447;0.0007776024563931772;0.0009844808653193273;1;Tweets
2020-12-17;0.0;0.0710932608199131;0.46763736980920323;0.0;0.47856500884903863;0.0005802423703131218;0.0005766684362761783;1;Tweets (Reddit)
2020-12-17;0.0;0.576740241936022;0.12393821701556207;0.0;8.931210259916138e-06;0.4123773867871061;-0.003958881750798258;1;Reddit (Tweets)
2020-12-17;-0.14450025654141552;0.70321009960702;0.0;0.3963474767128965;4.130868629487099e-05;0.0;-0.0032642066159934077;1;Reddit (Market)
2020-12-17;0.17760197801807576;0.529063306017769;0.0;0.20867980231725708;0.00015465213124583917;0.0;0.0014573874087107882;1;Market (Reddit)
2020-12-17;0.5550264280866097;0.0;0.17638079906543697;9.422594028159668e-06;0.0;0.19558803008533893;-0.0016994970544478261;1;Market (Tweets)
2020-12-17;-0.03853666350862206;0.0;0.5051963147620705;0.7109356501972992;0.0;0.0001433711761676968;-0.00012871626004265784;1;Tweets (Market)
2020-12-18;-0.14526071946145483;0.6730895971210614;0.0975531565788597;0.395055589061159;5.258188662635849e-05;0.5249146987897322;0.0004508347140187902;1;Reddit
2020-12-18;0.1834030451887067;0.4689100037010273;0.03351022663529653;0.19471397276956526;0.0004973058363293162;0.7908308575955457;0.002849145179487446;1;Market
2020-12-18;-0.18685011793706138;0.19816673400709084;0.44474348810651965;0.1705052082205647;0.11086218544551549;0.0005261039608435562;0.00223612287041154;1;Tweets
2020-12-18;0.0;0.08018833867117416;0.4545311918442396;0.0;0.36989815559078587;0.0004320584478920878;0.0019874715847735;1;Tweets (Reddit)
2020-12-18;0.0;0.5813710219517606;0.1051622975444313;0.0;2.136311099405617e-06;0.49147557521071117;0.00025752862973267847;1;Reddit (Tweets)
2020-12-18;-0.15157506854859615;0.6997082831938435;0.0;0.3717093996585389;1.3959791614163587e-05;0.0;0.0006062508977559239;1;Reddit (Market)
2020-12-18;0.18123401984513837;0.4780537181057147;0.0;0.1956232248517204;0.0002197956352246532;0.0;0.002902531781443335;1;Market (Reddit)
2020-12-18;0.5416540535204633;0.0;0.1588023525281541;8.168997981708177e-06;0.0;0.23867424694013664;0.0011075749911714692;1;Market (Tweets)
2020-12-18;-0.03544914181048654;0.0;0.497693374415244;0.7193582667934629;0.0;8.832616074800256e-05;0.0015001153774199612;1;Tweets (Market)
2020-12-19;-0.13004904406286075;0.6806137278669318;0.12149450252059085;0.45338496014969454;4.8414748904881205e-05;0.4327469060816528;0.0008886773461953954;1;Reddit
2020-12-19;0.19144778418030467;0.4525460157563892;0.05245059326660293;0.17743302895999336;0.0006867612625929087;0.6767497559614067;0.0027358073570311926;1;Market
2020-12-19;-0.20535944229549968;0.20245434301255338;0.4259616273019077;0.1387650175675741;0.10539327677411016;0.0009357570820175639;0.0013669240350473052;1;Tweets
2020-12-19;0.0;0.06976329909555036;0.43314526605750187;0.0;0.42341312726936475;0.0008589759024398186;0.0006845038949249888;1;Tweets (Reddit)
2020-12-19;0.0;0.5965837790892244;0.12604372286622112;0.0;7.057551967693804e-07;0.41370065003939127;0.0004565175882601144;1;Reddit (Tweets)
2020-12-19;-0.13538242153020597;0.7127068010148291;0.0;0.4333044359491073;1.2045764723690604e-05;0.0;0.001185373459818338;1;Reddit (Market)
2020-12-19;0.18914530294474838;0.46640096961383104;0.0;0.1791798952214297;0.0002853752929531803;0.0;0.0028638945285210464;1;Market (Reddit)
2020-12-19;0.5527459847491758;0.0;0.17015091684120257;2.9348634143541183e-06;0.0;0.20374465035923303;0.0018463299008407998;1;Market (Tweets)
2020-12-19;-0.04372639884569483;0.0;0.47861691726580813;0.6523200673851068;0.0;0.00017686175079482293;0.0009690008012816719;1;Tweets (Market)
2020-12-20;-0.12814061487431078;0.6415364581154462;0.1758178033093512;0.46549390501482724;0.00020221133039026774;0.26410757921990624;-0.0026935056160304702;1;Reddit
2020-12-20;0.2106504230864923;0.315272867507275;0.021157323462595;0.09191257275584831;0.007269957946007988;0.8476609382494431;-0.0018497355240048353;1;Market
2020-12-20;-0.23196652834664483;0.21147566241593238;0.4626886300809906;0.10556005317638989;0.10843515386904136;0.0005658508700387413;0.001297801547480419;1;Tweets
2020-12-20;0.0;0.06128031621369777;0.4709273925006856;0.0;0.5145915458717403;0.0005437082660604867;0.00019234413513219488;1;Tweets (Reddit)
2020-12-20;0.0;0.5585670566643303;0.18036897752309572;0.0;8.702319595273142e-06;0.24954670295221676;-0.003304171273465243;1;Reddit (Tweets)
2020-12-20;-0.1359619297941615;0.6856827011488127;0.0;0.43963011029103294;5.3611027102231116e-05;0.0;-0.0021300672311107866;1;Reddit (Market)
2020-12-20;0.20970923233932573;0.320585278002313;0.0;0.09001820750048657;0.0046290607829993086;0.0;-0.0017819332426852077;1;Market (Reddit)
2020-12-20;0.4521659436077684;0.0;0.09593371869302329;1.0342989835222087e-05;0.0;0.39985898038533463;-0.003441448721186314;1;Market (Tweets)
2020-12-20;-0.06996510053653665;0.0;0.5128464119397967;0.4938426084723351;0.0;0.00012847522491183107;0.00023012767686928962;1;Tweets (Market)
2020-12-21;0.054600050808254835;0.4546215247225968;0.3247026663064013;0.8401106476130629;0.034588709843205015;0.052881225920107196;0.002553048279328793;1;Reddit
2020-12-21;0.42984089219160004;0.08711217092175166;0.09077923114961481;0.02172786527102709;0.5368995742297642;0.41188427620493506;0.0013938031038398051;1;Market
2020-12-21;-0.6321792060725285;0.4597345473644485;0.39983840456830133;0.005588927616597498;0.008959591030562077;0.003994061952829851;-0.004640283851012137;1;Tweets
2020-12-21;0.0;0.060719489772647635;0.455092353493666;0.0;0.5671258233015215;0.002279096731637855;-0.0018660537588981784;1;Tweets (Reddit)
2020-12-21;0.0;0.4890836554103799;0.3199304934957448;0.0;0.00017710900249266238;0.051289453226913514;0.00231344358729156;1;Reddit (Tweets)
2020-12-21;-0.022516901715929363;0.586035196715653;0.0;0.9350673742780027;0.006216336963383967;0.0;0.0017580070132354104;1;Reddit (Market)
2020-12-21;0.4082808054255096;0.12385234383680915;0.0;0.02662686005047632;0.3541564142364736;0.0;0.001171528258704852;1;Market (Reddit)
2020-12-21;0.5214139106749139;0.0;0.11238811118907029;8.884849085527789e-06;0.0;0.28203333299962585;0.001815841009878874;1;Market (Tweets)
2020-12-21;-0.14890253235676865;0.0;0.5138792851808995;0.2744909792489945;0.0;0.0003717738105223933;-0.002412978485407177;1;Tweets (Market)
2020-12-22;0.036099220390229836;0.47167053968837563;0.33601380996396174;0.922814154637619;0.05914665520163782;0.05168251196073748;0.0014672916378798704;1;Reddit
2020-12-22;0.22889176204587058;0.19400708385661602;0.056765330513333837;0.3642183651237939;0.2433895119526589;0.6185903199685588;0.0019148827581545159;1;Market
2020-12-22;-1.2134619253898165;0.7147711397939769;0.3008814828416774;4.554728283673399e-05;0.00020152212100302982;0.01729851770371238;0.004412644546619733;1;Tweets
2020-12-22;0.0;0.02920962269186656;0.4524747979189103;0.0;0.787659980460582;0.002294667840467607;0.0016670615732024782;1;Tweets (Reddit)
2020-12-22;0.0;0.4920652762508577;0.33150406773294894;0.0;0.0002333873394514375;0.04366790889646219;0.0015489698535563886;1;Reddit (Tweets)
2020-12-22;-0.1680144971377981;0.6671600518242293;0.0;0.6500038958089016;0.00580151341358408;0.0;0.0027706953909162595;1;Reddit (Market)
2020-12-22;0.19440930241414764;0.2270325918542551;0.0;0.4182920786244838;0.13462961693354428;0.0;0.002135076519956689;1;Market (Reddit)
2020-12-22;0.48264289911508035;0.0;0.11050473956065474;0.00047737144431014405;0.0;0.2943386956244013;0.00133353724988273;1;Market (Tweets)
2020-12-22;-0.27857859091825854;0.0;0.49887105050610747;0.08622382277365587;0.0;0.00035503481234078015;0.002270820736368465;1;Tweets (Market)
2020-12-23;0.7212739738406959;-0.03704048881314407;0.49794709734881;0.16621067117861868;0.9074114118002304;0.036117407467534675;0.008825896412785375;1;Reddit
2020-12-23;0.537086316231767;-0.027227896194956497;0.1277956769293151;0.09241255584439861;0.8884324871697922;0.36756089939759473;0.005457596160494358;1;Market
2020-12-23;-1.0263409994888257;0.5850328269865998;0.3614269981660046;0.0010032884932549442;0.002210827351933737;0.008378379841500793;0.006652602430375486;1;Tweets
2020-12-23;0.0;0.0076792728346460615;0.45362060132034376;0.0;0.9271117479618529;0.0028353317843499725;0.005659428988944581;1;Tweets (Reddit)
2020-12-23;0.0;0.36870194232975384;0.43315688966642973;0.0;0.007891227392174597;0.06404443769656426;0.00952386147037429;1;Reddit (Tweets)
2020-12-23;0.49999192837464135;0.14333319571063008;0.0;0.34334507543597403;0.65402316969447;0.0;0.011173197536144019;1;Reddit (Market)
2020-12-23;0.4802953660621566;0.01906412405514521;0.0;0.12272219654249936;0.9187277290104305;0.0;0.006060019465326738;1;Market (Reddit)
2020-12-23;0.49698942962998094;0.0;0.12257656516909742;0.0003325500408238234;0.0;0.36493660425237784;0.005410201779422875;1;Market (Tweets)
2020-12-23;-0.16479830981349022;0.0;0.4735675647957821;0.22113387849784194;0.0;0.0014001532718798536;0.007670942905270664;1;Tweets (Market)
2020-12-24;0.6873356984622577;-0.012272289236488347;0.44073452325996915;0.1508434382285191;0.9667743010995282;0.03676361250539806;0.006349422723590273;1;Reddit
2020-12-24;0.5280583747766194;-0.014949008406364048;0.10510090936748417;0.07337653810275696;0.9340240508986497;0.4079183110441468;0.003354283912193781;1;Market
2020-12-24;-0.9846817097367415;0.5725822674253497;0.3342034845359591;0.0006284713000451908;0.0012919838488535129;0.0065273949459086775;0.004471230185032475;1;Tweets
2020-12-24;0.0;0.016101862973896958;0.40805828018648804;0.0;0.8375186544484308;0.0026140080702351342;0.003908563667253101;1;Tweets (Reddit)
2020-12-24;0.0;0.37616678065997444;0.38918178591216623;0.0;0.0037347299198920675;0.06271946369495751;0.0067421798756475745;1;Reddit (Tweets)
2020-12-24;0.5134826682178532;0.13788552994784675;0.0;0.28971868653564953;0.6414679497258038;0.0;0.009054937219834644;1;Reddit (Market)
2020-12-24;0.48660005778382626;0.020858768184812523;0.0;0.09227408198107233;0.9050320925864311;0.0;0.003999461493833893;1;Market (Reddit)
2020-12-24;0.5062288449110113;0.0;0.10259861213947631;9.400823771682954e-05;0.0;0.4008865553665214;0.003325949419512074;1;Market (Tweets)
2020-12-24;-0.1485592481319841;0.0;0.43004736806573324;0.23608904569422737;0.0;0.0012055814924632731;0.00555650805932476;1;Tweets (Market)
2020-12-25;0.7782416866337576;-0.059496916069380096;0.4521260495020924;0.058345597357508744;0.8262471047631211;0.027330800696770994;0.004381128409575214;1;Reddit
2020-12-25;0.6972306687437908;-0.09406305160283528;0.1287645262028199;0.009544018933912303;0.5909654195100853;0.3213729075159118;-0.00011386548499225414;1;Market
2020-12-25;-0.6788481158557179;0.4410437469716932;0.3604228534169094;0.005875052202324958;0.007435282714177029;0.0033065481193055354;0.000691401570586234;1;Tweets
2020-12-25;0.0;0.02904162359665595;0.40850571215479337;0.0;0.6855105654281395;0.0016135709006467403;0.002914270869888899;1;Tweets (Reddit)
2020-12-25;0.0;0.4128285127018275;0.3970031373096148;0.0;0.0008285212561112972;0.054427321778676215;0.0018327976235715795;1;Reddit (Tweets)
2020-12-25;0.6477926244657826;0.07393992150208907;0.0;0.12208021593982851;0.7872222035508221;0.0;0.006400633236647291;1;Reddit (Market)
2020-12-25;0.6600790564839827;-0.056060527335953916;0.0;0.012890695148230115;0.7425228977211258;0.0;0.0004612851450336245;1;Market (Reddit)
2020-12-25;0.5700288897790367;0.0;0.11357938653281985;2.654585189998125e-06;0.0;0.36666301973359017;-0.0006808180836973569;1;Market (Tweets)
2020-12-25;-0.08242318321628946;0.0;0.4316230833076339;0.4404586221439809;0.0;0.0007509125284940782;0.003349734404014592;1;Tweets (Market)
2020-12-26;0.9012348489696016;-0.14525102735264328;0.520800959013001;0.03628286176690882;0.61121354928629;0.018250923029192834;0.00347331622200931;1;Reddit
2020-12-26;0.7817547518423522;-0.14217755589649925;0.1856545366222039;0.005374947909248205;0.43840746478426573;0.18062911616163016;0.000285676590783698;1;Market
2020-12-26;-0.6142861453727143;0.39355184952606975;0.39285148470597403;0.015510745182653274;0.02181672106594991;0.002794057451176848;-0.0005888321127526102;1;Tweets
2020-12-26;0.0;0.01571379906031745;0.43724359545550745;0.0;0.831746334389226;0.001470871893423828;0.0007474626203211659;1;Tweets (Reddit)
2020-12-26;0.0;0.40908479954422083;0.45567216272129396;0.0;0.0017710521064992935;0.04226896321081716;0.001512804185375333;1;Reddit (Tweets)
2020-12-26;0.7561920644681797;0.0011258076722149718;0.0;0.0879318502776784;0.9969281068665978;0.0;0.0040420959276991335;1;Reddit (Market)
2020-12-26;0.7300500641281871;-0.08999730736111577;0.0;0.008827838146705142;0.6180699030214912;0.0;0.0004884345367369082;1;Market (Reddit)
2020-12-26;0.5916095817794492;0.0;0.16310894554486213;3.064947193665472e-06;0.0;0.226113853761174;-0.00026268109954261044;1;Market (Tweets)
2020-12-26;-0.08795846387015843;0.0;0.455258374536078;0.41850714671252365;0.0;0.0007958333748141607;0.000929038847041228;1;Tweets (Market)
2020-12-27;0.9599806251693016;-0.1687416254488883;0.5150377897865399;0.04550486351381978;0.5821991401532022;0.06719093209595524;0.004102768631594815;1;Reddit
2020-12-27;0.8396695398956602;-0.1574364645284276;0.12907197247989813;0.004739020798056472;0.39690609292961765;0.4402873870710523;0.0005377739777649004;1;Market
2020-12-27;-0.27546214680468273;0.246320324718064;0.3549087368212964;0.2656240407057449;0.1301106268171967;0.017660652179625046;-0.0036752058376049433;1;Tweets
2020-12-27;0.0;0.08451134399812076;0.3621727641381382;0.0;0.2346726087851102;0.0157208620035241;-0.003657710239739758;1;Tweets (Reddit)
2020-12-27;0.0;0.3951597608990438;0.48972278529043156;0.0;0.0065485437874074764;0.09179782936644013;0.0040417967878367276;1;Reddit (Tweets)
2020-12-27;0.9207695688120775;-0.0682352120254543;0.0;0.0610852220963662;0.8258760892864656;0.0;0.001435279847261268;1;Reddit (Market)
2020-12-27;0.8298429825295567;-0.13224887386091566;0.0;0.004927738372776247;0.46711127351756054;0.0;-0.00013071685104354324;1;Market (Reddit)
2020-12-27;0.6230900996038293;0.0;0.10415029298080473;8.086543024960816e-06;0.0;0.52517775634613;0.0002648499320938252;1;Market (Tweets)
2020-12-27;0.06339148675304554;0.0;0.3939004418568708;0.5627064020887196;0.0;0.008889969576495018;-0.003248197140766953;1;Tweets (Market)
2020-12-28;1.4402128198305384;-0.5392436434261592;0.002031870590163378;0.00793805146144306;0.12854880143880598;0.9964257329099324;0.01752897217554285;1;Reddit
2020-12-28;1.0007906614178306;-0.275786872200028;0.05050599142792785;0.0037683423743002315;0.21497744746456804;0.85982562189509;0.003293857104690475;1;Market
2020-12-28;0.08452076442890862;-0.0035602507780877744;-0.025378426287935765;0.6705085088917435;0.9788628712443302;0.8845118153937661;0.00621361254956638;1;Tweets
2020-12-28;0.0;0.04861318902623689;-0.013793310425865912;0.0;0.37640154460420416;0.9355488366408662;0.005843648282148862;1;Tweets (Reddit)
2020-12-28;0.0;0.3497788041174511;0.19943936561831346;0.0;0.030868400998301706;0.6838348331052686;0.011224873006372612;1;Reddit (Tweets)
2020-12-28;1.4405720505798998;-0.5393929540336695;0.0;0.0064593335880206645;0.12138707929737963;0.0;0.017544133512447192;1;Reddit (Market)
2020-12-28;1.0097200219961198;-0.27949827011068007;0.0;0.0027626856906777437;0.20070722923116702;0.0;0.0036707208456345434;1;Market (Reddit)
2020-12-28;0.6296754248065481;0.0;0.08475727522395982;3.66568118837682e-05;0.0;0.7678157194796611;0.0009018243306020037;1;Market (Tweets)
2020-12-28;0.07972987899130442;0.0;-0.02493626180485998;0.32518890984614834;0.0;0.8843643353392725;0.0061827327746255805;1;Tweets (Market)
2020-12-29;1.2753855826297078;-0.4929874930552207;0.22364303893206208;0.008860074561204518;0.14155715810202868;0.47273200170192486;0.007945947959928493;1;Reddit
2020-12-29;0.890962581781846;-0.23006989668373246;0.21935606716640013;0.005620803702499447;0.2921736209073219;0.28540155390157906;-0.0017250865899531523;1;Market
2020-12-29;0.3812959704822341;-0.23019139780138256;0.23556195038226516;0.12660085707086863;0.1934366277858576;0.1577301159481493;0.012358404207494747;1;Tweets
2020-12-29;0.0;0.015953049528003898;0.2023121988784036;0.0;0.8326048703835857;0.22812423494942438;0.010376825710645046;1;Tweets (Reddit)
2020-12-29;0.0;0.33033376830304534;0.11242693129679597;0.0;0.035329671926521;0.7373291531196822;0.0013178248183834125;1;Reddit (Tweets)
2020-12-29;1.2319008281683084;-0.4660944841849544;0.0;0.010021408618555758;0.15833766607281324;0.0;0.01030839617924587;1;Reddit (Market)
2020-12-29;0.8483113784808267;-0.2036923948923856;0.0;0.0076276283311159905;0.3481269210722989;0.0;0.0005920762993918533;1;Market (Reddit)
2020-12-29;0.5983963084426892;0.0;0.19491472823629957;4.052243078300106e-05;0.0;0.3393732605936337;-0.0036059583828608674;1;Market (Tweets)
2020-12-29;0.0885751913615305;0.0;0.21110770385303998;0.40088665422198566;0.0;0.20574917264564446;0.010476539116340344;1;Tweets (Market)
2020-12-30;0.8421319600770059;-0.23202883721883186;0.09007177100154465;0.06508619894122568;0.46769836409519816;0.7694199484451842;0.009406137765480561;1;Reddit
2020-12-30;0.5751365579757395;-0.042042781563220354;0.04262879863514525;0.06036169997197461;0.8437883534283169;0.8359492850809289;-0.0018761059595010841;1;Market
2020-12-30;0.25718441986563845;-0.15012750055042481;0.36161970976023244;0.2694316599387183;0.36565133959402396;0.028275172176246074;0.00563845331897019;1;Tweets
2020-12-30;0.0;0.01043687292745376;0.3482129641143221;0.0;0.8969432584234506;0.03416949227627182;0.0036509806276836506;1;Tweets (Reddit)
2020-12-30;0.0;0.29372770210071053;0.046172342743244325;0.0;0.0734970836500588;0.8842535952746746;0.002898300805578019;1;Reddit (Tweets)
2020-12-30;0.8322566875461538;-0.22737661668901155;0.0;0.06386138878724192;0.47028624090610227;0.0;0.009948164773702533;1;Reddit (Market)
2020-12-30;0.5704628294645324;-0.039840997697234405;0.0;0.05816238762930288;0.8496695473712983;0.0;-0.0016195776384590908;1;Market (Reddit)
2020-12-30;0.5237484512047277;0.0;0.04060741845815279;0.0007567133383739109;0.0;0.8412944405630375;-0.002320682861973619;1;Market (Tweets)
2020-12-30;0.07368637951953141;0.0;0.35440171079939237;0.5121708727582197;0.0;0.03062928682717533;0.00405094610158298;1;Tweets (Market)
2020-12-31;0.802118790707728;-0.20428657021732174;0.03653706308110996;0.047655107610125945;0.47512502458566774;0.8820438325374153;0.008826038484549974;1;Reddit
2020-12-31;0.5331183200857261;-0.04047034829828206;0.03590109036084118;0.05726774714393385;0.8379226498691507;0.8335349290547396;-0.003410682728957365;1;Market
2020-12-31;0.4071434646584623;-0.23099264828370594;0.6178170399991264;0.07377704146396284;0.1564509217614912;5.8268801114927954e-05;-0.00043402655737364106;1;Tweets
2020-12-31;0.0;0.023988892205067645;0.6249559245205094;0.0;0.7698523370267039;6.929025315576322e-05;-0.004275188986066634;1;Tweets (Reddit)
2020-12-31;0.0;0.298055976484778;0.05060147505465723;0.0;0.046718802099979584;0.8427178202217948;0.0012585129569085717;1;Reddit (Tweets)
2020-12-31;0.8037719952085999;-0.20486203491233532;0.0;0.044607435140626255;0.46868763657037193;0.0;0.008751681068431008;1;Reddit (Market)
2020-12-31;0.5347427485199168;-0.04103579631935885;0.0;0.053682361695307136;0.8338243033453855;0.0;-0.003483745862388752;1;Market (Reddit)
2020-12-31;0.48436541401495564;0.0;0.036376222305267665;0.0007601420020425925;0.0;0.8294465396240114;-0.0038775386162003254;1;Market (Tweets)
2020-12-31;0.1288764529240451;0.0;0.6205289510832207;0.2536944849903259;0.0;6.288832386461182e-05;-0.003098700381435179;1;Tweets (Market)
2021-01-01;0.7317081082898071;-0.15847404661075587;0.06670572293313667;0.04352656787102736;0.5381400349414981;0.7435139147729026;0.005976949483362747;1;Reddit
2021-01-01;0.5015979112961465;-0.020155086449694697;0.01150213874712585;0.04650129757501746;0.9101972885993509;0.9353115091037629;-0.003669113792924916;1;Market
2021-01-01;0.4013718712050152;-0.21700199267458914;0.458890631680095;0.0653768921406858;0.16551004615529719;0.00046232479566839463;6.466442006187518e-05;1;Tweets
2021-01-01;0.0;0.03271747546484383;0.46033607369488727;0.0;0.6872107833221854;0.0005836203155524352;-0.002929408798271383;1;Tweets (Reddit)
2021-01-01;0.0;0.296769015357853;0.06934078960861452;0.0;0.03246582273370765;0.7417847603252609;0.0005187003935833873;1;Reddit (Tweets)
2021-01-01;0.7324369497308139;-0.15888912724332416;0.0;0.041435126603264705;0.5333589768453166;0.0;0.005624900182405153;1;Reddit (Market)
2021-01-01;0.5017235862009449;-0.02022665924460784;0.0;0.044259937142782355;0.9089646038205761;0.0;-0.0037298180282946554;1;Market (Reddit)
2021-01-01;0.4776684271511426;0.0;0.011581021311632436;0.00034400209347533966;0.0;0.9342102424793546;-0.0038488014327926804;1;Market (Tweets)
2021-01-01;0.14373240356484826;0.0;0.4597399296341294;0.19697360152697538;0.0;0.0004981221471373433;-0.0018699626532395494;1;Tweets (Market)
2021-01-02;0.7888438551793776;-0.20380885767560114;0.05323096642203852;0.04302706397585411;0.46426647304646995;0.8081499279603076;0.007622971933509016;1;Reddit
2021-01-02;0.5617184516110475;-0.07257766779183981;0.009044758389530984;0.03857296199057394;0.7072950444087751;0.9526948942902972;-0.0031365089256870475;1;Market
2021-01-02;0.41632629641668206;-0.21924822659825952;0.43867512878818876;0.07758209247255665;0.19890402810603672;0.0019325278873895124;-0.0023790869066465494;1;Tweets
2021-01-02;0.0;0.042382738477174386;0.44490753652181436;0.0;0.6312726190911992;0.002116370055173229;-0.005103837548703273;1;Tweets (Reddit)
2021-01-02;0.0;0.2919224494764299;0.06503996476290316;0.0;0.05151686874676955;0.7749967730157266;0.002460187791881753;1;Reddit (Tweets)
2021-01-02;0.7912435524146767;-0.20408988862316613;0.0;0.04008446064004547;0.4586322307074939;0.0;0.007172491102446581;1;Reddit (Market)
2021-01-02;0.5621261970111443;-0.0726254192641788;0.0;0.03612522792191444;0.7037787070385735;0.0;-0.0032130525346039398;1;Market (Reddit)
2021-01-02;0.47611543142370677;0.0;0.009283568933909284;0.0008313240213130907;0.0;0.9509496438873839;-0.0037748957386953305;1;Market (Tweets)
2021-01-02;0.15773007889480076;0.0;0.43939654613240786;0.18841687499491067;0.0;0.0020233626097239435;-0.004307575116507693;1;Tweets (Market)
2021-01-03;0.0970990897241893;0.2669739960200542;-0.015259746624187895;0.6917416635829989;0.2837609321195688;0.9113813380000731;-0.00924152719414737;1;Reddit
2021-01-03;0.15219885733892835;0.1994808222903203;-0.03051838282984633;0.5427309160506533;0.4303151809322461;0.8272091077270496;-0.013596126867588132;1;Market
2021-01-03;0.4035629283492813;-0.2665214146496318;0.5129202004427427;0.116571817523881;0.2998020733728174;0.0008499343661341387;-0.0029275450427232877;1;Tweets
2021-01-03;0.0;0.04602550478418868;0.5139698998897432;0.0;0.7832114298221295;0.0010103347251938166;-0.005903647429221464;1;Tweets (Reddit)
2021-01-03;0.0;0.34217421695525724;-0.015007184127417913;0.0;0.0342849995823948;0.9117924995460973;-0.009957591065120341;1;Reddit (Tweets)
2021-01-03;0.09697272702501716;0.2687655457354761;0.0;0.6879734377885827;0.27281475821108464;0.0;-0.009020492471336301;1;Reddit (Market)
2021-01-03;0.15194614113572208;0.203063791353993;0.0;0.5378887204226503;0.41484596104720983;0.0;-0.013154073506181406;1;Market (Reddit)
2021-01-03;0.30372556727868316;0.0;-0.03773359172854495;0.06261433670788763;0.0;0.7857406280223861;-0.013675810317042233;1;Market (Tweets)
2021-01-03;0.2011118223899713;0.0;0.5225602633851099;0.22012974220264075;0.0;0.0006764395543723526;-0.0028210819480315595;1;Tweets (Market)
2021-01-04;0.07562380605186703;0.2960430360295976;-0.007289454815349452;0.7799637022298134;0.2859622714273351;0.9615020902052673;-0.009033878594891154;1;Reddit
2021-01-04;0.14073768246008134;0.19749239849590317;-0.0305823701435869;0.6115298536993607;0.4835396124143302;0.8429792109846926;-0.013637590374615345;1;Market
2021-01-04;0.405076191422622;-0.2768125345550434;0.510993784036062;0.16358722721854227;0.34372803184284073;0.0031334272859385864;-0.003993678100652349;1;Tweets
2021-01-04;0.0;0.034832581928942195;0.5110514495983198;0.0;0.856450301301492;0.003524843996258271;-0.0071813647941266386;1;Tweets (Reddit)
2021-01-04;0.0;0.35422416428407943;-0.007278689212757438;0.0;0.05187812182754167;0.9609224188180863;-0.009628988861467878;1;Reddit (Tweets)
2021-01-04;0.07562047647547421;0.29706617581076666;0.0;0.7761236224497312;0.27436411555744306;0.0;-0.00890509179002701;1;Reddit (Market)
2021-01-04;0.1407237134678539;0.20178490600009172;0.0;0.605420207728139;0.46523970947788207;0.0;-0.013097274831720289;1;Market (Reddit)
2021-01-04;0.28819174873684694;0.0;-0.03896651833312599;0.11471461509270975;0.0;0.7984449743376975;-0.013883912814565146;1;Market (Tweets)
2021-01-04;0.1983992047265217;0.0;0.5227453113257552;0.29102998621294657;0.0;0.002430115725142354;-0.003648423602557355;1;Tweets (Market)
2021-01-05;-0.10363386845974813;0.2440329333814605;0.006206443644968975;0.6039255671956716;0.30269205131354654;0.9594868219151533;-0.0017843951763905723;1;Reddit
2021-01-05;0.1430433888390366;0.0012300787521286772;-0.013284712600617072;0.5325923077317184;0.9963509135467542;0.9244304727405644;0.0015442858740187366;1;Market
2021-01-05;0.3772712843827379;-0.2365734746415824;0.5111155883308641;0.13849486735958497;0.42394518872056175;0.0021159927940193396;-0.006571820891784909;1;Tweets
2021-01-05;0.0;0.04497742489809576;0.5224714590038617;0.0;0.8465268531401234;0.00201674790195845;-0.006046510116494095;1;Tweets (Reddit)
2021-01-05;0.0;0.1666928068055449;0.003087062827271795;0.0;0.3558773248540733;0.979571997915311;-0.001928694491076158;1;Reddit (Tweets)
2021-01-05;-0.10313668509022472;0.24267308148286698;0.0;0.5991873157247058;0.2942051292772861;0.0;-0.0018713805441872258;1;Reddit (Market)
2021-01-05;0.14197918225766093;0.004140802297787248;0.0;0.5283611634630002;0.9874300399532748;0.0;0.0017304755307273648;1;Market (Reddit)
2021-01-05;0.14370574562547442;0.0;-0.013357781157107998;0.4108473149676496;0.0;0.9222373373874275;0.0015406734290573645;1;Market (Tweets)
2021-01-05;0.2498842807875063;0.0;0.5251684140266772;0.19959694406528483;0.0;0.0014395946611568912;-0.005877061588787834;1;Tweets (Market)
2021-01-06;-0.08442274479818988;0.3129557279018938;-0.025766567442551562;0.6577618272162127;0.16913852923581787;0.8319249833628052;-0.0054810976547463525;1;Reddit
2021-01-06;0.19887150355156535;0.10803917706042221;-0.06907809435152913;0.36882535477081824;0.6778849519542476;0.6231608725459472;-0.004851118899492034;1;Market
2021-01-06;0.32648507812453764;-0.258531353393229;0.5250123379613542;0.13568046633541592;0.31289269866530534;0.00045730858521682256;-0.0041342497727795925;1;Tweets
2021-01-06;0.0;0.01004484349107171;0.5318808914623072;0.0;0.9568382283540319;0.000462905160637998;-0.004312063985286233;1;Tweets (Reddit)
2021-01-06;0.0;0.24350710299480796;-0.027542642914896574;0.0;0.13243000604576402;0.8185219123223605;-0.005435118328615464;1;Reddit (Tweets)
2021-01-06;-0.08575557745396362;0.3185049804062981;0.0;0.6483407036976063;0.153773502234223;0.0;-0.005206165128573574;1;Reddit (Market)
2021-01-06;0.19529828642997343;0.1229162765784077;0.0;0.37225024006494134;0.6308829007975327;0.0;-0.004114046915588475;1;Market (Reddit)
2021-01-06;0.2626412587415529;0.0;-0.07586811941304318;0.09851517733115674;0.0;0.5828265940789974;-0.005249446515888917;1;Market (Tweets)
2021-01-06;0.17388782994666574;0.0;0.5412604658765234;0.26474271701070096;0.0;0.0002910175482877095;-0.0031810753728728756;1;Tweets (Market)
2021-01-07;-0.06972234063504074;0.30888134209060664;-0.025245375895977643;0.6895943226162722;0.14009111174179517;0.8299059370810636;-0.004507129808289162;1;Reddit
2021-01-07;0.18613814271038612;0.10830807530920068;-0.07444390879022224;0.353697116018022;0.6477008636575414;0.580687374847535;-0.0028298208013324546;1;Market
2021-01-07;0.28795009854728304;-0.23990372150936978;0.5327087914645147;0.12875711900450004;0.28248195375524005;0.00010881811445365384;-0.005242734388145268;1;Tweets
2021-01-07;0.0;-0.0013872781760032732;0.5318567136266443;0.0;0.9931267344042264;0.00013243923684469602;-0.005367370338239106;1;Tweets (Reddit)
2021-01-07;0.0;0.2511285411954304;-0.025039059379473438;0.0;0.09158881343398559;0.8296816819645587;-0.004476951280093981;1;Reddit (Tweets)
2021-01-07;-0.06955771821859383;0.31231215172476223;0.0;0.6870892423461654;0.13050936566999927;0.0;-0.004249177428571544;1;Reddit (Market)
2021-01-07;0.18662358353746003;0.11842489355481443;0.0;0.34864991518707045;0.6135773056475058;0.0;-0.002069167305538011;1;Market (Reddit)
2021-01-07;0.24998500146367464;0.0;-0.0791973500181918;0.0825888668604873;0.0;0.5521238777885498;-0.00313865626494197;1;Market (Tweets)
2021-01-07;0.14652851961266095;0.0;0.543237722361958;0.27759719459067905;0.0;7.976756282500708e-05;-0.004558660030416364;1;Tweets (Market)
2021-01-08;-0.06450644896680185;0.2699248319575026;-0.03805437057599265;0.6979241574559538;0.1560012007030063;0.7332411292002115;-0.0049398771523511496;1;Reddit
2021-01-08;0.17679402052577847;0.09769493786470397;-0.0690397116880367;0.33889647171675863;0.6401339643442708;0.5772064064252163;-0.0019144375782917267;1;Market
2021-01-08;0.31547580897487415;-0.29635403097289037;0.5426720550393116;0.07072575720112802;0.13252803298485963;1.8433200743850258e-05;-0.0035160328567028546;1;Tweets
2021-01-08;0.0;-0.05318493489287361;0.5403561317221897;0.0;0.716161376009921;2.740866621363014e-05;-0.0034000656654196194;1;Tweets (Reddit)
2021-01-08;0.0;0.22020319105717545;-0.03758082558453221;0.0;0.1124961915202542;0.7343000979209166;-0.004963589372095176;1;Reddit (Tweets)
2021-01-08;-0.06388770118343717;0.27491011971506457;0.0;0.698185300151515;0.14395351797000255;0.0;-0.004629917160640975;1;Reddit (Market)
2021-01-08;0.17791657669802638;0.10673943983003413;0.0;0.3325728332061981;0.6060719653921683;0.0;-0.00135209616681671;1;Market (Reddit)
2021-01-08;0.23532216736683886;0.0;-0.07353085737896686;0.08346484013815421;0.0;0.5485250319041027;-0.002325117541822839;1;Market (Tweets)
2021-01-08;0.13793281011712027;0.0;0.5562957816958252;0.28241038109006594;0.0;1.3932217954481694e-05;-0.0022702501652721533;1;Tweets (Market)
2021-01-09;-0.06140846773223453;0.31580200061965286;-0.05400699205806216;0.7451834168734477;0.1100307628351037;0.6995850971198113;-0.003130482039642626;1;Reddit
2021-01-09;0.30434186628972876;0.04732971746988954;-0.11352573813187439;0.1098835507362668;0.807518463467892;0.4162744874824754;-0.0019307826458509808;1;Market
2021-01-09;0.3014230967740411;-0.2809785532981715;0.6090210379084494;0.038282319185337574;0.06059838700326715;4.166478123850382e-07;-0.003532768562486978;1;Tweets
2021-01-09;0.0;-0.05534402030295803;0.6285200197546568;0.0;0.5979121254524671;3.7269837024936577e-07;-0.003067808057393202;1;Tweets (Reddit)
2021-01-09;0.0;0.269833821382541;-0.05797948988695884;0.0;0.04710748928522882;0.6748780527918021;-0.003225207734121228;1;Reddit (Tweets)
2021-01-09;-0.06777899327836116;0.3204516316743113;0.0;0.716561611087521;0.101495429836885;0.0;-0.0025879518498600944;1;Reddit (Market)
2021-01-09;0.2909506629037941;0.05710350374099999;0.0;0.12331868591455682;0.7676701593650638;0.0;-0.0007903536401460788;1;Market (Reddit)
2021-01-09;0.3375289776170781;0.0;-0.1156189782533882;0.010863974151163134;0.0;0.40256923267925093;-0.0020758567039349963;1;Market (Tweets)
2021-01-09;0.10440382373831684;0.0;0.6214478093427528;0.30211131797683904;0.0;4.1919479131886534e-07;-0.002671518989478511;1;Tweets (Market)
2021-01-10;0.06490705914460473;0.25032118658006214;-0.031634869478611036;0.7563411917004245;0.26979109155409087;0.8266237625316143;-0.004750686007272812;1;Reddit
2021-01-10;0.36058237685785666;0.007722010983126006;-0.10550910259331923;0.10666911443186733;0.9740314036506093;0.4889580247109909;-0.002386245798407323;1;Market
2021-01-10;0.36620414643020893;-0.3379246686024564;0.5731992760262328;0.03309626058665803;0.06613769379873417;1.0089632573594662e-05;-0.002773597042030198;1;Tweets
2021-01-10;0.0;-0.035026273210058544;0.5989382288668642;0.0;0.7712012635459319;8.4015186632998e-06;-0.0017558669855498375;1;Tweets (Reddit)
2021-01-10;0.0;0.3040077552773046;-0.027072824644786518;0.0;0.037836299072386594;0.849010213234431;-0.004570300652237526;1;Reddit (Tweets)
2021-01-10;0.06024546995206566;0.2531376723127932;0.0;0.7697703379043509;0.258586743044337;0.0;-0.004541762456076278;1;Reddit (Market)
2021-01-10;0.34503497298138464;0.017115597459850442;0.0;0.11807499970573307;0.9420508109330956;0.0;-0.0016894407614129361;1;Market (Reddit)
2021-01-10;0.3660846295124438;0.0;-0.105791595786354;0.011383486673204352;0.0;0.48213757453050576;-0.0024209269455678444;1;Market (Tweets)
2021-01-10;0.1254188239369646;0.0;0.5855615245192172;0.25872167938952123;0.0;1.039106597061278e-05;-0.001255907519625525;1;Tweets (Market)
2021-01-11;-0.09022450662621709;0.3998999181717139;-0.20503764085783277;0.6863058730698517;0.12514763234347867;0.45531141580998247;-0.001572364213370444;1;Reddit
2021-01-11;0.09065670229071593;0.3870308126856197;-0.5787590537820493;0.7043625728053068;0.1640655074229449;0.0538891270595406;0.004759420829979489;1;Market
2021-01-11;0.13274773399360396;-0.2614080261357735;0.6308361752020162;0.228068374363973;0.04269855166698982;3.0388880631054235e-05;0.0003329261454849222;1;Tweets
2021-01-11;0.0;-0.14042425722767715;0.5850267933117063;0.0;0.07402629116688768;5.172187502688379e-05;0.0012881009422466634;1;Tweets (Reddit)
2021-01-11;0.0;0.31767101278008575;-0.17390242856031565;0.0;0.04559975574929093;0.5041686402095624;-0.0022215668188459636;1;Reddit (Tweets)
2021-01-11;-0.04315279113590352;0.34857883963000924;0.0;0.8393999231702503;0.16166587316703762;0.0;-0.0028386349661906206;1;Reddit (Market)
2021-01-11;0.22352587403445853;0.242166978261844;0.0;0.3499616498321305;0.3802515891839139;0.0;0.001185122668588404;1;Market (Reddit)
2021-01-11;0.35743097894353404;0.0;-0.4686287031592012;0.0194568760122265;0.0;0.10697967683482772;0.0020901661262111054;1;Market (Tweets)
2021-01-11;-0.047436723671937096;0.0;0.5564520263685124;0.49555384720668927;0.0;0.00017223437482040237;0.002135791913520068;1;Tweets (Market)
2021-01-12;-0.2519325784748255;0.6239110514811086;-0.10816792786429606;0.30692304664307324;0.05113476639200499;0.6690409924970568;0.004243284590320492;1;Reddit
2021-01-12;-0.16581839755562822;0.6237240099936443;-0.3600320889070992;0.5957122238526125;0.122243186880181;0.267537219493609;0.010840567949173438;1;Market
2021-01-12;0.1430516349046049;-0.2544880666258577;0.6061767925895819;0.33565149101968605;0.18099045672173641;0.00028788067302948237;0.004179976184928568;1;Tweets
2021-01-12;0.0;-0.09615697331562036;0.5382444047015321;0.0;0.3031303074414084;0.0002765724299859967;0.0055969224630009196;1;Tweets (Reddit)
2021-01-12;0.0;0.34506935479594636;0.011469863440928122;0.0;0.02994487405693466;0.9592677387688485;0.001747857469665056;1;Reddit (Tweets)
2021-01-12;-0.20372861335988557;0.5631464134445996;0.0;0.34620166647950723;0.04568430330024751;0.0;0.003058327023278884;1;Reddit (Market)
2021-01-12;-0.0053736650309392136;0.4214716418849148;0.0;0.9845715223612952;0.2389462381228954;0.0;0.006896489916510281;1;Market (Reddit)
2021-01-12;0.26029616402733424;0.0;-0.12956697344166515;0.1033994689374695;0.0;0.6578715592930198;0.006861551408614984;1;Market (Tweets)
2021-01-12;-0.030809029749747984;0.0;0.5121438217246301;0.6763297063962248;0.0;0.0005744032076745253;0.005803470246812419;1;Tweets (Market)
2021-01-13;-0.1271579471553066;0.5711581666756402;0.037583577152728385;0.5992542525846294;0.06808442963014386;0.8606476650705799;-0.002709960406196311;1;Reddit
2021-01-13;-0.04870232585977091;0.5434631660556191;-0.2475521121743139;0.8705304473854343;0.15716723205483119;0.35207163138650366;0.004443423728748346;1;Market
2021-01-13;0.1089722018132658;-0.1230938216030121;0.6733454359414068;0.5068514045960633;0.5550760852608735;2.8679018208532793e-05;0.00030676133360437005;1;Tweets
2021-01-13;0.0;-0.0003550301021958014;0.6262841861301449;0.0;0.9970451795302111;9.118152341722853e-06;0.0012729890184532682;1;Tweets (Reddit)
2021-01-13;0.0;0.42793620268971044;0.09249860884877276;0.0;0.003846127171576145;0.6182839909148126;-0.0038374362839487426;1;Reddit (Tweets)
2021-01-13;-0.14783616717287196;0.6019183950305009;0.0;0.4798378177748892;0.019325623850386886;0.0;-0.0023785561311228482;1;Reddit (Market)
2021-01-13;0.08749910649860429;0.3408544715914079;0.0;0.7371177347649636;0.27698991633064446;0.0;0.0022605599756609553;1;Market (Reddit)
2021-01-13;0.33016184833356094;0.0;-0.03145868521964845;0.022140434771423693;0.0;0.8862810074028893;0.0003315353551980992;1;Market (Tweets)
2021-01-13;0.023159874533750173;0.0;0.6244005075478254;0.758664851653281;0.0;3.278067980242909e-06;0.0012380996202058787;1;Tweets (Market)
2021-01-14;-1.0687521866195497;1.7786805863945605;-0.6752399956392375;0.00020772827797481272;8.635898378672569e-08;0.025604908772926288;0.0157668232176434;1;Reddit
2021-01-14;-0.9598858420864128;1.8008790539737953;-0.884471769692021;0.00025280527822830323;7.134991814262862e-09;0.001757577842781159;0.01945642687885178;1;Market
2021-01-14;0.06228002147619818;-0.046359335178378105;0.81411709957308;0.7260937775072291;0.8066698546024773;0.00010935013588220943;0.005537449032170322;1;Tweets
2021-01-14;0.0;0.016633145136817726;0.7936501606202361;0.0;0.779007760532841;7.011945448688927e-05;0.006027110437262587;1;Tweets (Reddit)
2021-01-14;0.0;0.6977022970215617;-0.32401844431685406;0.0;9.104855361270907e-09;0.3129005746409357;0.0073640210831624996;1;Reddit (Tweets)
2021-01-14;-0.8846743889489007;1.5599817208007436;0.0;0.0015925481709642374;8.816065802555461e-07;0.0;0.012144063728335024;1;Reddit (Market)
2021-01-14;-0.7187691776141931;1.51441353959282;0.0;0.006598792848027828;6.5423386850365e-07;0.0;0.014711108892105852;1;Market (Reddit)
2021-01-14;0.6433100070188881;0.0;-0.2656068213065916;1.5634883751632104e-07;0.0;0.4492110366690848;0.009741892928947806;1;Market (Tweets)
2021-01-14;0.021009568826278958;0.0;0.7981858978030105;0.7054875314056097;0.0;5.363066069541574e-05;0.005787526534316529;1;Tweets (Market)
2021-01-15;-0.9578903838829322;1.6481144228321745;-0.33658255069849935;0.00031347804300820654;7.871737831609165e-08;0.06807476512939672;0.012155758247990103;1;Reddit
2021-01-15;-0.7762288010099345;1.605866947444893;-0.4623675287805078;0.0019273829357200972;5.0211102777562546e-08;0.009787250145830505;0.013490673292243958;1;Market
2021-01-15;-0.08767816521446277;0.11949696726697548;0.3159269912279433;0.6343790263248172;0.5462193680756124;0.020734568795864005;0.007813861592687318;1;Tweets
2021-01-15;0.0;0.0305169725170602;0.33572228353040395;0.0;0.6339077818977793;0.009611183565261392;0.0073046268523622344;1;Tweets (Reddit)
2021-01-15;0.0;0.6760014558190555;-0.12031753082384737;0.0;3.094583349055904e-09;0.5310547765209951;0.0065923313708040965;1;Reddit (Tweets)
2021-01-15;-0.8131198270169133;1.4837156909127605;0.0;0.0013901265564156098;3.469838131751019e-07;0.0;0.0077294592050270025;1;Reddit (Market)
2021-01-15;-0.5773557326366416;1.380030417136109;0.0;0.018588431768634846;1.1373271355040216e-06;0.0;0.00741021265668454;1;Market (Reddit)
2021-01-15;0.6380268553477254;0.0;-0.10508178627499529;2.9640394598916998e-08;0.0;0.6182435254565937;0.007552841827431756;1;Market (Tweets)
2021-01-15;0.017560479957107817;0.0;0.34251360398877645;0.7687587322609988;0.0;0.008001510228523195;0.007372011255511808;1;Tweets (Market)
2021-01-16;-0.7145286016339895;1.40760751898213;-0.1862476712101046;0.0038878548391231694;1.1746027863657652e-06;0.28309485518531347;0.003560822444994939;1;Reddit
2021-01-16;-0.44973686807461427;1.2810803894217393;-0.2098736598574658;0.06710610621500264;9.039676661794579e-06;0.2337251147351744;-0.0022685253640923803;1;Market
2021-01-16;0.04081290019845564;0.0003653021194029774;0.350500490927805;0.814512477944936;0.9984651098637809;0.006985144839539836;0.005504978268660122;1;Tweets
2021-01-16;0.0;0.04210306106689393;0.3451238986847694;0.0;0.5241559337596076;0.006464406718037603;0.005350233339389082;1;Tweets (Reddit)
2021-01-16;0.0;0.6768870264155267;-0.0921174104765708;0.0;2.838079424864121e-09;0.6110995238047354;0.006270006976953781;1;Reddit (Tweets)
2021-01-16;-0.6676700437736037;1.3478342187824255;0.0;0.005945956317831764;1.7427345687040647e-06;0.0;0.002277009624709348;1;Reddit (Market)
2021-01-16;-0.39693418350999465;1.213724694753646;0.0;0.10050589661088845;1.591454423841255e-05;0.0;-0.003715193091074788;1;Market (Reddit)
2021-01-16;0.6492130669892345;0.0;-0.029291767975047123;1.6553637214415787e-08;0.0;0.8843651197900386;0.004090023410948364;1;Market (Tweets)
2021-01-16;0.04112626752786861;0.0;0.3505519841427313;0.49682897128777925;0.0;0.005418896130980189;0.005506791419000276;1;Tweets (Market)
2021-01-17;-0.7593876304463146;1.4447130647932536;-0.1841327741385311;0.003804043166856722;2.504384292355311e-06;0.3059276885734628;0.00655938661409409;1;Reddit
2021-01-17;-0.4797932211005955;1.3018503384120634;-0.20345586883892708;0.06688075045780782;2.2533521904571422e-05;0.2693776679115524;0.0007620229490551333;1;Market
2021-01-17;0.02505349182041322;0.01629749682290854;0.35047307778094394;0.8942848267971494;0.9367140938499424;0.011338357499808866;0.005581571890869025;1;Tweets
2021-01-17;0.0;0.04181697590986912;0.3472374883430025;0.0;0.5608715872725635;0.010033456241728302;0.005520218678517841;1;Tweets (Reddit)
2021-01-17;0.0;0.6712010572462035;-0.0860599540307286;0.0;3.3383008282745306e-08;0.649688744548991;0.008419042381106284;1;Reddit (Tweets)
2021-01-17;-0.7123559552721114;1.3847351121948364;0.0;0.0055897191180780854;3.468726324846172e-06;0.0;0.005297292782648787;1;Reddit (Market)
2021-01-17;-0.427825990496018;1.2355782338712933;0.0;0.09627121098160885;3.575474737011773e-05;0.0;-0.0006325163893886974;1;Market (Reddit)
2021-01-17;0.6388946362809836;0.0;-0.022575382537955973;2.1614281633292243e-07;0.0;0.915052536851582;0.006685663311210113;1;Market (Tweets)
2021-01-17;0.039058029257290065;0.0;0.35273746951925405;0.5542398919199033;0.0;0.008567832218562254;0.005655728272085652;1;Tweets (Market)
2021-01-18;-0.7986089766062495;1.4996589694566216;-0.16894927736683796;0.005096756073528901;7.623443047611247e-06;0.37873751994099425;0.004443469981995037;1;Reddit
2021-01-18;-0.52487659987759;1.367408387607276;-0.17203634546623695;0.06337226016701519;4.266229631915277e-05;0.3783326653762733;-0.0031318763116445097;1;Market
2021-01-18;0.04937290047987678;-0.011314947051540639;0.32830432858509806;0.8107984280883151;0.9599113712253136;0.027320124082355204;0.008487678684947604;1;Tweets
2021-01-18;0.0;0.03927810681167382;0.3231130197422391;0.0;0.6099287677332755;0.026344459005520897;0.008270742930722498;1;Tweets (Reddit)
2021-01-18;0.0;0.6813139547545903;-0.08497961380752547;0.0;1.7600834848552282e-07;0.6779077464935197;0.007952415962222814;1;Reddit (Tweets)
2021-01-18;-0.7625088980639758;1.4532615601068837;0.0;0.0065051291477986745;9.074286318734917e-06;0.0;0.0027060159615176337;1;Reddit (Market)
2021-01-18;-0.4881168949516431;1.3201631974056123;0.0;0.07926254947957416;5.279604112560563e-05;0.0;-0.004901077368654969;1;Market (Reddit)
2021-01-18;0.6505444669646996;0.0;-0.017024449788635244;8.530703124137741e-07;0.0;0.940829079602898;0.005627233607150776;1;Market (Tweets)
2021-01-18;0.03964659833406469;0.0;0.3270216456588805;0.5738261308831343;0.0;0.023987861563975536;0.008415199339458753;1;Tweets (Market)
2021-01-19;-0.8914083059319863;1.6127009025276955;-0.19700931602902264;0.005427720654658268;2.377345483798477e-05;0.33935012503501405;0.002943894871684277;1;Reddit
2021-01-19;-0.6399437622362211;1.514954992042348;-0.20233737906028354;0.04450741373561373;7.577215323066769e-05;0.33584474251191043;-0.0080809323290432;1;Market
2021-01-19;-0.0011985993097007165;0.05204932194712243;0.32084125390234425;0.9959282180618231;0.8412740920992106;0.04862769586482329;0.006259868635542524;1;Tweets
2021-01-19;0.0;0.05079717851592546;0.3209769974686114;0.0;0.5480011516297887;0.04268750003041092;0.006269519873886496;1;Tweets (Reddit)
2021-01-19;0.0;0.6814713867475699;-0.09605569335598467;0.0;1.6921704564936811e-06;0.6649936470228953;0.010121601343513932;1;Reddit (Tweets)
2021-01-19;-0.842359332411672;1.5496333923107808;0.0;0.007322320093069141;3.011143922201952e-05;0.0;0.0013657481985179863;1;Reddit (Market)
2021-01-19;-0.5895682726515777;1.4501818382729683;0.0;0.05918615994054025;9.955803275131973e-05;0.0;-0.009701759547052161;1;Market (Reddit)
2021-01-19;0.653205970333927;0.0;-0.022081369403290977;5.5747755417694715e-06;0.0;0.9297569814186656;0.006925672577339962;1;Market (Tweets)
2021-01-19;0.043230157392595774;0.0;0.3270343112068997;0.5717687820424104;0.0;0.038278505809734506;0.006775450691912757;1;Tweets (Market)
2021-01-20;-0.48180190106894316;1.174641366333911;-0.13378057376149333;0.045634182676367555;4.4041911329874765e-05;0.5185070372994691;0.006662895216676093;1;Reddit
2021-01-20;-0.043659027688494674;0.8497977989041461;-0.12919065053007914;0.8555256615269827;0.002291394040338685;0.5418138753533146;0.0038701222382684437;1;Market
2021-01-20;-0.017018650995814486;0.06484187585563406;0.3334155712951225;0.9245515844233138;0.7406448657682422;0.0407619746087098;0.007438744968778285;1;Tweets
2021-01-20;0.0;0.04815839942070691;0.3353013274847974;0.0;0.5683198315543772;0.03569785753965845;0.007364883290759354;1;Tweets (Reddit)
2021-01-20;0.0;0.7023283337225985;-0.08039438484667992;0.0;4.2822066982555664e-07;0.7068922740849779;0.004571854223215265;1;Reddit (Tweets)
2021-01-20;-0.4627066029455189;1.1480889160562744;0.0;0.05071912786329774;4.326654169609303e-05;0.0;0.005502640484269917;1;Reddit (Market)
2021-01-20;-0.0252188766466182;0.8241563456790244;0.0;0.9148487538646608;0.002448456984385183;0.0;0.0027496750803171093;1;Market (Reddit)
2021-01-20;0.6583623406405362;0.0;-0.01885204722112639;1.682318384918424e-06;0.0;0.935687631441097;0.004292253551579023;1;Market (Tweets)
2021-01-20;0.03654748258548458;0.0;0.3418347058552137;0.6374043709319968;0.0;0.03184275980561243;0.007470954732380559;1;Tweets (Market)
2021-01-21;-0.40277607037665847;1.1073919488352244;-0.10714643713845932;0.048842161089154346;1.0886575933092445e-05;0.5666105062467286;0.0030098951958756615;1;Reddit
2021-01-21;-0.04359302915476326;0.8636661770605726;-0.14020800333380484;0.8392006665514826;0.0007960189982634963;0.4855721610425132;-0.0016101174501298415;1;Market
2021-01-21;-0.007956485653647281;0.0680024256583166;0.35408260613086007;0.9594905878987943;0.6991586373182115;0.01899893609969086;0.002996005795430844;1;Tweets
2021-01-21;0.0;0.06005362228846284;0.3547094760580254;0.0;0.44989631950117237;0.01711529794231129;0.002998164139068064;1;Tweets (Reddit)
2021-01-21;0.0;0.7050047737840375;-0.07541280285670696;0.0;2.7891148164674483e-08;0.6951007253001292;0.003119155641577727;1;Reddit (Tweets)
2021-01-21;-0.3930880651204968;1.0911619274440307;0.0;0.05163302820024104;1.0277980079041095e-05;0.0;0.002223888306332382;1;Reddit (Market)
2021-01-21;-0.03091565126399448;0.8424281503552749;0.0;0.8844943574984245;0.0008817939683788675;0.0;-0.002638658011371811;1;Market (Reddit)
2021-01-21;0.6413390987734024;0.0;-0.04971647014614095;5.115269507184587e-07;0.0;0.8242365148025135;0.0012823410713471255;1;Market (Tweets)
2021-01-21;0.04597296920696735;0.0;0.36120763188935945;0.5165539817675993;0.0;0.015041014924852767;0.0032237491073733074;1;Tweets (Market)
2021-01-22;-0.3704686154422289;1.0756943202440357;-0.08480344965616551;0.042536447960690324;2.31427835820119e-06;0.6105607780299028;0.004020453022651736;1;Reddit
2021-01-22;-0.014495210656933832;0.8353609443904328;-0.09399652712591118;0.9412876511424753;0.0004414834552457527;0.6077557708442394;0.0012781088470969874;1;Market
2021-01-22;0.0036933816962241147;0.05584273785010847;0.331044303141809;0.9796011160069353;0.7335492735696215;0.016553475175279626;0.007015725439544174;1;Tweets
2021-01-22;0.0;0.059544723038130715;0.3308827191092425;0.0;0.4357800103326437;0.01545695892325612;0.007017560694640382;1;Tweets (Reddit)
2021-01-22;0.0;0.7043627223221653;-0.06859558982844287;0.0;2.3752225677964153e-09;0.6891253069771048;0.0038363657902960938;1;Reddit (Tweets)
2021-01-22;-0.36617260317701467;1.065730472809681;0.0;0.043119696171082446;2.110541253418825e-06;0.0;0.003326704115463768;1;Reddit (Market)
2021-01-22;-0.009733491233281346;0.824316970832292;0.0;0.9602260233824532;0.0004427067096365378;0.0;0.0005091544208624569;1;Market (Reddit)
2021-01-22;0.6354348065797801;0.0;-0.02820167464830151;1.0025104288585021e-07;0.0;0.8898989270653037;0.003603655608165549;1;Market (Tweets)
2021-01-22;0.047140315404562746;0.0;0.3354425991400436;0.48398874431378447;0.0;0.01394956889552661;0.007171185063325421;1;Tweets (Market)
2021-01-23;-0.335159281501868;1.0538951828257528;-0.08109858670965184;0.06434577542583868;3.1863168558417137e-06;0.628410824683427;0.00803945243070972;1;Reddit
2021-01-23;0.03061684896541749;0.8097497148659788;-0.0849612042372234;0.8779186409029641;0.0007363838307254391;0.6503711783919539;0.008584865707529407;1;Market
2021-01-23;-0.021355072036478528;0.0709391876545585;0.3194552470203604;0.8809236568069425;0.6617718935250596;0.02023891509410426;0.0025163851934444244;1;Tweets
2021-01-23;0.0;0.04944298887363474;0.31980981739074654;0.0;0.5078130264269294;0.018921063401667527;0.002463173311978018;1;Tweets (Reddit)
2021-01-23;0.0;0.7165209737325322;-0.07553374710725834;0.0;8.59155058684497e-10;0.6597920257561853;0.007204313315787126;1;Reddit (Tweets)
2021-01-23;-0.3336341218655734;1.0483758691765919;0.0;0.06346912497505908;2.848597767350249e-06;0.0;0.007613517087765602;1;Reddit (Market)
2021-01-23;0.03221464992115378;0.80396752366856;0.0;0.8705903298928226;0.000709891306067627;0.0;0.008138643632251122;1;Market (Reddit)
2021-01-23;0.6616394201636617;0.0;-0.047294689494952254;3.31517255227686e-08;0.0;0.8195310237221414;0.009897579266919436;1;Market (Tweets)
2021-01-23;0.03392648937772103;0.0;0.32275507153223126;0.6058342323467865;0.0;0.017931790277201168;0.002631387189513912;1;Tweets (Market)
2021-01-24;-0.3722128496915174;1.1062454170779568;0.000667216339294301;0.014706521775798731;5.5038780466378984e-08;0.9963742658625601;0.002408419748180959;1;Reddit
2021-01-24;-0.0015006880738511752;0.8719408778255385;0.0024485829867680695;0.9941481003771324;0.0005772347923849478;0.9904148465442468;0.002246699989404575;1;Market
2021-01-24;0.009496850445660045;0.009672565968168536;0.25591242510502765;0.9490379295926548;0.9550511899214025;0.08904420177907436;0.007352232997536129;1;Tweets
2021-01-24;0.0;0.019356557216999495;0.25621232653314696;0.0;0.8080963732786451;0.08496062664485118;0.007353412680873073;1;Tweets (Reddit)
2021-01-24;0.0;0.7266979029057967;-0.011086908444035044;0.0;4.180005536310988e-11;0.9431132401046025;0.002362184072564548;1;Reddit (Tweets)
2021-01-24;-0.37219161554664515;1.1062239962355167;0.0;0.013570790485727166;3.8472056416642e-08;0.0;0.0024161846460735766;1;Reddit (Market)
2021-01-24;-0.0014227619758067633;0.8718622665756744;0.0;0.9943857548452879;0.0004971169606996463;0.0;0.0022751959895084026;1;Market (Reddit)
2021-01-24;0.6650665590328274;0.0;-0.018375691823075593;1.9052314311386183e-07;0.0;0.9365485578623431;0.007544825977741728;1;Market (Tweets)
2021-01-24;0.016891177095350512;0.0;0.25568141841987274;0.8066209292709698;0.0;0.08562041251482255;0.007411005873579804;1;Tweets (Market)
2021-01-25;0.003231628318662655;0.612254340423077;-0.0016887449081715575;0.9734536619694223;0.0008242791391948771;0.9892891505532464;0.00024441790721882684;1;Reddit
2021-01-25;0.44293058921240347;0.20260824104731573;0.03228342307035087;0.020784345384300337;0.5300859522514034;0.8926413213906044;0.0011253207181996941;1;Market
2021-01-25;0.002783106645076784;-0.04105079370590403;0.33758781578114877;0.9819203863203783;0.8479586893942488;0.0393255490192418;0.001695335132163084;1;Tweets
2021-01-25;0.0;-0.03793849222371109;0.3378793425558067;0.0;0.8148965444761204;0.03599660121680707;0.001695556184570222;1;Tweets (Reddit)
2021-01-25;0.0;0.6158682161701153;-0.001350236075856555;0.0;2.1880098861801823e-05;0.9912911600148435;0.00024467458413049133;1;Reddit (Tweets)
2021-01-25;0.003126207535718467;0.6125221899565035;0.0;0.9738846747812591;0.0006454799949149428;0.0;0.0002362913716285952;1;Reddit (Market)
2021-01-25;0.4449458987596186;0.19748781121503411;0.0;0.018280911299884347;0.5322378877442221;0.0;0.001280674191231086;1;Market (Reddit)
2021-01-25;0.5175100845842321;0.0;0.014534137145469068;0.0006642453749620646;0.0;0.9508081991704832;0.0013111236435651963;1;Market (Tweets)
2021-01-25;-0.012327569324339387;0.0;0.3411840282114185;0.8945416510661113;0.0;0.03377585212567049;0.0016576892915017047;1;Tweets (Market)
2021-01-26;0.052803427570229655;0.710512568755554;0.03032413932172421;0.47223407220441227;3.053380376996402e-06;0.6362627787581729;0.0013382962585659105;1;Reddit
2021-01-26;0.4953592644183776;0.07126806127057858;-0.02649049953983513;0.006466397003651923;0.8167240226475457;0.8608745328594222;0.003615825264518001;1;Market
2021-01-26;-0.05242846296663855;0.2492941725668411;0.6099029909998708;0.7653046418116087;0.4266974220506924;0.00029180465240569777;0.011247976295217838;1;Tweets
2021-01-26;0.0;0.19586155984121376;0.616683169737834;0.0;0.4403699916332495;0.00018656228739431235;0.011177894604031619;1;Tweets (Reddit)
2021-01-26;0.0;0.764327327691766;0.02349546923213879;0.0;1.1176508288630752e-08;0.709059014210097;0.0014088791689768824;1;Reddit (Tweets)
2021-01-26;0.0476773299782151;0.7275285527192328;0.0;0.5069654602355791;7.521260921671219e-07;0.0;0.0018228859842787284;1;Reddit (Market)
2021-01-26;0.49983731025709743;0.056403272839907655;0.0;0.004960668085554959;0.8466749479639036;0.0;0.003192498364129906;1;Market (Reddit)
2021-01-26;0.5183045634676333;0.0;-0.01682557089743843;0.0006210315519414004;0.0;0.9066107619314187;0.003863264604197425;1;Market (Tweets)
2021-01-26;0.02783370831743132;0.0;0.6437107071895446;0.8458959828621762;0.0;8.158339578274666e-05;0.012113513877497166;1;Tweets (Market)
2021-01-27;0.06975109667188488;0.7111149595551185;-0.0015953624109548124;0.32740191140709696;9.106423250384619e-07;0.9774583642928177;0.004257935619123537;1;Reddit
2021-01-27;0.48585454426765895;0.13103829568307235;-0.052702014207977446;0.007273570087286773;0.6586925184025855;0.7015853768572424;0.005721530656102452;1;Market
2021-01-27;-0.1257943890641082;0.28216567248354657;0.45040667260296763;0.5293305242309774;0.41307708495505946;0.00711937949013564;0.011735418165806756;1;Tweets
2021-01-27;0.0;0.15220943342894785;0.4785233697163941;0.0;0.5768427468462886;0.0029418310125550458;0.010512193246735082;1;Tweets (Reddit)
2021-01-27;0.0;0.7831737394486504;-0.017185648059174066;0.0;8.409735956001395e-10;0.7512621799038284;0.0049361954383127255;1;Reddit (Tweets)
2021-01-27;0.0703110691885468;0.7099674502802252;0.0;0.29756427988494283;2.1295683506255394e-07;0.0;0.004217200892600895;1;Reddit (Market)
2021-01-27;0.5043529615091334;0.09313089000899194;0.0;0.003567876703770494;0.7360728396801115;0.0;0.0043758789588970465;1;Market (Reddit)
2021-01-27;0.5315809387555773;0.0;-0.03242875286440096;0.00034894354259270394;0.0;0.8002848518302306;0.005681597383298022;1;Market (Tweets)
2021-01-27;-0.027331426128929578;0.0;0.49406122710267064;0.8633767909065376;0.0;0.001945057487647176;0.011649429572040364;1;Tweets (Market)
2021-01-28;0.0806835714197589;0.7408302794472954;0.029839211351299903;0.19972475456796004;9.201823543430982e-10;0.5653761725875981;0.004403017802219039;1;Reddit
2021-01-28;0.6348262788554483;-0.16839018363499791;-0.021840722921361563;5.707041972872634e-05;0.4476849692307122;0.8545762485036206;0.002310406764599195;1;Market
2021-01-28;-0.22315726090818155;0.57527986062222;0.34974937692464697;0.21230173769994246;0.04006872099535899;0.021381551477180096;0.019451993622112595;1;Tweets
2021-01-28;0.0;0.41386440796440405;0.4207492927733558;0.0;0.09378953271888756;0.003456806703042635;0.01782247000276073;1;Tweets (Reddit)
2021-01-28;0.0;0.799190805785393;0.004168853336226595;0.0;3.529738305742157e-12;0.9311134306567144;0.004992179834353231;1;Reddit (Tweets)
2021-01-28;0.06694310012388102;0.7669267646711835;0.0;0.24500581956532416;7.380054465923812e-12;0.0;0.00520109697459431;1;Reddit (Market)
2021-01-28;0.6448835763774603;-0.18749142918355108;0.0;1.0818226535872447e-05;0.33339849783364894;0.0;0.0017262550634048694;1;Market (Reddit)
2021-01-28;0.5836123413056242;0.0;-0.06462471279559809;2.8458483079925767e-05;0.0;0.5374687901112809;0.0014316424431514213;1;Market (Tweets)
2021-01-28;-0.04819250809669655;0.0;0.4959144751530813;0.7669412772085201;0.0;0.000591015130025009;0.02245416040790362;1;Tweets (Market)
2021-01-29;0.07311683881679229;0.7370291925812985;0.04081040488036845;0.20511532519403683;3.421683387638815e-11;0.3915555722713131;0.0036160024548088816;1;Reddit
2021-01-29;0.6099538139599672;-0.15237375544180132;-0.026496768941104407;1.1421688019893565e-05;0.43357521685765354;0.7998154703098536;0.002013595401124971;1;Market
2021-01-29;-0.1430830471935473;0.4003422609444241;0.4175898921694658;0.37761834292853735;0.11194391237722512;0.002863139857194297;0.021196624879815378;1;Tweets
2021-01-29;0.0;0.3057962335778381;0.4629192268800516;0.0;0.17638279554619088;0.0004235612716794574;0.020563177273151847;1;Tweets (Reddit)
2021-01-29;0.0;0.78534313877773;0.017646670778291317;0.0;1.7328856221095153e-13;0.6894372725471379;0.003939700387329391;1;Reddit (Tweets)
2021-01-29;0.05430511253913989;0.7681364564806626;0.0;0.30587594269989266;3.791374216699259e-13;0.0;0.004937056908653757;1;Reddit (Market)
2021-01-29;0.6221676100745467;-0.1725706142170953;0.0;1.566878091277743e-06;0.3271171441008983;0.0;0.0011558809352980209;1;Market (Reddit)
2021-01-29;0.5674793849811055;0.0;-0.06017092896156742;6.217156066588038e-06;0.0;0.5268410634257319;0.0010512034332192748;1;Market (Tweets)
2021-01-29;-0.03148699917059421;0.0;0.5060643759735047;0.831726315384392;0.0;0.0001451055857939411;0.0237251848357541;1;Tweets (Market)
2021-01-30;0.06903442456070706;0.7616604818396404;0.0342279065172413;0.23055376080852977;9.774325684026022e-13;0.4544234606463968;0.0020931878783064708;1;Reddit
2021-01-30;0.5926909707049635;-0.11938558356036161;-0.03359163244985667;6.647332280583834e-06;0.5006360402136468;0.7261515802666826;0.0015197714321366867;1;Market
2021-01-30;-0.12800519246454858;0.45120695157907165;0.48490940798892623;0.42471784450122274;0.059159628408601804;0.0003296966950146341;0.012013624029623598;1;Tweets
2021-01-30;0.0;0.3663992092129173;0.5248377246168363;0.0;0.08435307821967801;3.2129560713862667e-05;0.011503514018233086;1;Tweets (Reddit)
2021-01-30;0.0;0.8073981084141393;0.012694183478241342;0.0;1.679331475137775e-15;0.7635020627358906;0.0023682950862328684;1;Reddit (Tweets)
2021-01-30;0.05225533786179296;0.7905919019543909;0.0;0.3213033648450177;2.3764342064891965e-15;0.0;0.0030644650805066783;1;Reddit (Market)
2021-01-30;0.6091581453173006;-0.14777918777502452;0.0;6.527300380043418e-07;0.3455892800466811;0.0;0.0005665496285537262;1;Market (Reddit)
2021-01-30;0.5561980644442034;0.0;-0.06321642950025932;2.349854283256933e-06;0.0;0.45712883058334364;0.0012806421918557874;1;Market (Tweets)
2021-01-30;0.009916426688512897;0.0;0.5968736332297646;0.9458608624684662;0.0;2.9331926618416527e-06;0.012917391237713816;1;Tweets (Market)
2021-01-31;0.07273601144793788;0.7569554491799991;0.027109057319587453;0.2828646561975694;1.8527861479856822e-09;0.5798142527445949;0.0032308752534208553;1;Reddit
2021-01-31;0.6531673001218108;-0.23498705080258575;-0.0016409653819926336;2.1086935737306492e-05;0.2812668347705619;0.9871247607070636;0.004751809891265034;1;Market
2021-01-31;-0.17705431591323556;0.541624450417926;0.4738783386288983;0.360756281802729;0.07426284512133023;0.0013162900585074653;0.00920553198244635;1;Tweets
2021-01-31;0.0;0.3780181949590421;0.5318009729665212;0.0;0.11844385877224094;8.039494143359612e-05;0.010321609997956466;1;Tweets (Reddit)
2021-01-31;0.0;0.8241668380051286;0.003313752627096341;0.0;1.548526076044319e-13;0.939576420850577;0.0027723771767473307;1;Reddit (Tweets)
2021-01-31;0.05590810087377744;0.7866718245127542;0.0;0.35116508016792125;4.966409193575186e-12;0.0;0.0037761114446360714;1;Reddit (Market)
2021-01-31;0.6541859271577091;-0.23678584235127398;0.0;2.3185909734807042e-06;0.20213821010782398;0.0;0.004718805655660527;1;Market (Reddit)
2021-01-31;0.5625600949927626;0.0;-0.058287947101896775;6.389353051210605e-06;0.0;0.5056003482094444;0.0027497987998032496;1;Market (Tweets)
2021-01-31;0.0317873096755429;0.0;0.6044446410574208;0.8407754027989982;0.0;8.294056860748754e-06;0.01381999117685769;1;Tweets (Market)
2021-02-01;0.10487640239826515;0.7413949085307283;0.03936951418627363;0.1745674917016299;1.6468405953946464e-08;0.4680647601442034;0.003098565764458544;1;Reddit
2021-02-01;0.7313289765815543;-0.2886255433933539;-0.0017945546166994314;6.360035011209594e-06;0.16003254284367263;0.9859010528594339;0.008362817900067772;1;Market
2021-02-01;-0.18534705922562006;0.5002092702529842;0.47149015973294667;0.4120778976564867;0.12152631964872575;0.004723490266270964;0.011996073039180896;1;Tweets
2021-02-01;0.0;0.3527901863767692;0.5398244099491827;0.0;0.18347948763081373;0.00022855026303643467;0.011404151951246473;1;Tweets (Reddit)
2021-02-01;0.0;0.8248102226251656;0.000703401256272343;0.0;7.134057487372381e-12;0.987964012183913;0.0034334971869778865;1;Reddit (Tweets)
2021-02-01;0.0758962539672999;0.7798140021767115;0.0;0.2457688917111116;1.0807212753488957e-10;0.0;0.004288758182454742;1;Reddit (Market)
2021-02-01;0.7326499595866625;-0.29037677561698805;0.0;2.3456694284942294e-07;0.10270971085585173;0.0;0.008308566143534386;1;Market (Reddit)
2021-02-01;0.6167527433829201;0.0;-0.07220316540765645;5.280629163505305e-06;0.0;0.42229036862007885;0.005755019048549101;1;Market (Tweets)
2021-02-01;0.013221970122266127;0.0;0.5935134547234148;0.9442990412078416;0.0;0.00011570768386496258;0.016515580027884846;1;Tweets (Market)
2021-02-02;0.12481324968041266;0.7147986880058009;0.03798436577112727;0.13575307509446619;1.0326198944071022e-07;0.42763322805128545;0.004386764586328244;1;Reddit
2021-02-02;0.7855143286479374;-0.31439510990134145;0.07075019878079741;1.5311439776456837e-06;0.11212183573775002;0.3913546380063174;0.001269779180799513;1;Market
2021-02-02;0.018547687159882698;0.3253689362421976;0.6618641749897979;0.9405929164738416;0.3426562242950303;3.233855403859838e-05;0.0009580164688960165;1;Tweets
2021-02-02;0.0;0.34008096168275337;0.6565645036455248;0.0;0.22020598610163622;2.8968667376165867e-06;0.0007673224249387725;1;Tweets (Reddit)
2021-02-02;0.0;0.8138005575536442;0.002321202110073632;0.0;2.9811702094546995e-11;0.9559885230509344;0.003103524087615827;1;Reddit (Tweets)
2021-02-02;0.09228350891130119;0.762316097422193;0.0;0.20088939726001181;3.434516636348007e-10;0.0;0.0045683863333342515;1;Reddit (Market)
2021-02-02;0.7249239889389604;-0.22588853374801043;0.0;4.2196529905576167e-07;0.17606195309326872;0.0;0.0016080703288210982;1;Market (Reddit)
2021-02-02;0.652768694811212;0.0;0.0008998033038786837;1.4100235843326473e-06;0.0;0.9899006784560307;-0.003239930373012021;1;Market (Tweets)
2021-02-02;0.15592675035779452;0.0;0.7341526685339678;0.4433788992196762;0.0;2.6345869311134235e-07;0.005625135498658909;1;Tweets (Market)
2021-02-03;0.06449588767221373;0.7658468134950087;0.017943112789785;0.37538812141545574;2.5658251348718862e-09;0.6613781914597539;0.0015725741762471935;1;Reddit
2021-02-03;0.6152184270277482;-0.3240242984321626;0.011516685470188734;9.881367448003347e-06;0.07239444768420214;0.8693624056189283;-6.029339167326576e-05;1;Market
2021-02-03;-0.04079684102048382;0.4761290657857984;0.5864316103615244;0.8433802313997207;0.1115635733974225;7.991085049456298e-06;0.0017063967577042993;1;Tweets
2021-02-03;0.0;0.4608780884727217;0.5929906731275016;0.0;0.10668942329131116;2.471110523735864e-06;0.0020607380461438876;1;Tweets (Reddit)
2021-02-03;0.0;0.7899571439782427;0.007573864465458602;0.0;3.7672733456569086e-10;0.8465803351764305;0.0010123946288808537;1;Reddit (Tweets)
2021-02-03;0.05545725347312747;0.7895154565267606;0.0;0.42191339739466116;9.862310085094108e-12;0.0;0.001751485598882685;1;Reddit (Market)
2021-02-03;0.6094170307833796;-0.30883271375584004;0.0;4.474677445255646e-06;0.04332926128485312;0.0;5.45398931451461e-05;1;Market (Reddit)
2021-02-03;0.5558527558445341;0.0;-0.055340800718798835;3.989885412373989e-05;0.0;0.3687102102792006;-0.00262500744741204;1;Market (Tweets)
2021-02-03;0.04643649825986698;0.0;0.6846736020701012;0.8189528554440437;0.0;2.0335899883299154e-08;0.0054750490263003075;1;Tweets (Market)
2021-02-04;0.048977569286151865;0.8055954353385782;0.018903252315380818;0.5301638831740934;1.8237046199205917e-11;0.6690844468379076;-0.0011706278712210318;1;Reddit
2021-02-04;0.6156676349184943;-0.17013134922215042;-0.001994302338160871;6.509314953076653e-06;0.25697419918455033;0.9772196134394061;-0.004750722804247028;1;Market
2021-02-04;-0.06442867309144802;0.4233775536813261;0.6097407946351598;0.7386419066171195;0.074738896709874;8.781950161028629e-07;0.0004718785145596982;1;Tweets
2021-02-04;0.0;0.3930757345390065;0.6212969222726897;0.0;0.07020302214295825;1.5432834790721767e-07;0.0010774301541995389;1;Tweets (Reddit)
2021-02-04;0.0;0.8286303571416848;0.010118482819299592;0.0;3.7378904228756605e-13;0.8082226059061448;-0.0016309578138338171;1;Reddit (Tweets)
2021-02-04;0.0384487383804529;0.827329400380634;0.0;0.6003288642113987;1.6413857189110014e-14;0.0;-0.0009127130589737909;1;Reddit (Market)
2021-02-04;0.6167784317138294;-0.17242429313347993;0.0;1.9317719368142796e-06;0.1697740340148593;0.0;-0.0047779329427210864;1;Market (Reddit)
2021-02-04;0.5611722511771944;0.0;-0.04489478285197118;8.007259754386984e-06;0.0;0.44815337919542286;-0.004979971002074099;1;Market (Tweets)
2021-02-04;0.07118491229891961;0.0;0.7165000754774802;0.6955293703851267;0.0;4.836120702247794e-10;0.0010423703235393517;1;Tweets (Market)
2021-02-05;0.04262081564673696;0.7903911427391573;0.012651927065669302;0.5558208924135952;4.946875938018789e-12;0.7653888095249556;0.0002667414152962988;1;Reddit
2021-02-05;0.599736477346139;-0.17410264722642532;0.0021720500833536335;6.54074100141222e-06;0.26159240876458467;0.975686562244227;-0.0028293597742555404;1;Market
2021-02-05;-0.09500585736214126;0.3894660972464538;0.5888694971481716;0.5882625163343926;0.08405761549471816;3.4827142039199583e-07;0.0010793797563266195;1;Tweets
2021-02-05;0.0;0.3376179632581782;0.608177445830959;0.0;0.09480959924398419;3.111763784080402e-08;0.0017431447514209375;1;Tweets (Reddit)
2021-02-05;0.0;0.8136508639994835;0.003990139843551098;0.0;3.4421193602729364e-14;0.9196111049257996;-3.103186178541211e-05;1;Reddit (Tweets)
2021-02-05;0.03514923953202143;0.8054387109238368;0.0;0.6015843731513579;2.401101825247937e-15;0.0;0.00037816979615827454;1;Reddit (Market)
2021-02-05;0.5984537765023455;-0.1715193196779692;0.0;1.6853359730962383e-06;0.18271608807973802;0.0;-0.0028102300383123823;1;Market (Reddit)
2021-02-05;0.5407877095292144;0.0;-0.042039101937779974;6.7869435036219095e-06;0.0;0.48210589284677774;-0.003159080553442017;1;Market (Tweets)
2021-02-05;0.03686202003599382;0.0;0.6877694570669154;0.8189643862653686;0.0;8.005291823493793e-11;0.001816962252035658;1;Tweets (Market)
2021-02-06;0.028615875567889526;0.8068350944399272;0.0077494495823088195;0.7180809046024197;4.995723945313272e-11;0.8822305674291101;0.000530913871251976;1;Reddit
2021-02-06;0.5912709112246898;-0.12274267293683008;-0.0437546419575619;2.4607386767170537e-05;0.43846199397922214;0.6052667249420269;-0.0028950143971076007;1;Market
2021-02-06;-0.07471206123069002;0.34549658819609225;0.6191464717960614;0.6685019355227064;0.11258407999337519;1.7226272608493924e-06;-0.00029244794376759477;1;Tweets
2021-02-06;0.0;0.3072099411706234;0.6372458254711657;0.0;0.11773133205693613;1.7406462251342425e-07;0.0003200408649153354;1;Tweets (Reddit)
2021-02-06;0.0;0.8214994727095828;0.0008171170499910206;0.0;9.49582579244958e-13;0.9864871861904971;0.0002963211796935227;1;Reddit (Tweets)
2021-02-06;0.024310277361219407;0.8142524322422432;0.0;0.7392059751178148;1.786864629192068e-13;0.0;0.000505949625931422;1;Reddit (Market)
2021-02-06;0.6155810129867608;-0.16462215823079782;0.0;3.0605839362513093e-06;0.22489199264073978;0.0;-0.0027540622424885226;1;Market (Reddit)
2021-02-06;0.5499387364505093;0.0;-0.07741498579646774;1.5693013866223867e-05;0.0;0.2871163257569644;-0.003158884514003237;1;Market (Tweets)
2021-02-06;0.041629916872987636;0.0;0.7138937481555593;0.7960096996851855;0.0;2.8767394606818047e-09;0.0004502947628482905;1;Tweets (Market)
2021-02-07;-0.017386789501384087;0.8120611338300319;0.006362840646707904;0.8399600327521513;5.905326870429556e-10;0.9079860334346275;-0.0010756424246265075;1;Reddit
2021-02-07;0.5842114957287372;-0.07367536613990605;-0.06702723620574202;6.303561473612963e-05;0.6452380706695631;0.43172186332647944;-0.003053804589195159;1;Market
2021-02-07;-0.06961854497737642;0.1708862329193302;0.7256666868085226;0.6590832921758961;0.36981818470919414;5.096549049307108e-09;-0.0035798445545123943;1;Tweets
2021-02-07;0.0;0.13988892533903108;0.7409429119171981;0.0;0.4246945678177052;4.199526546971107e-10;-0.0030061993792570704;1;Tweets (Reddit)
2021-02-07;0.0;0.8043197531076477;0.010177980857216662;0.0;6.583027948394343e-11;0.8422971853706016;-0.0009323781849920977;1;Reddit (Tweets)
2021-02-07;-0.020800582852091798;0.8185705761053814;0.0;0.7948090321047374;1.9857881309694724e-12;0.0;-0.0010766001742490599;1;Reddit (Market)
2021-02-07;0.6201729704819701;-0.1422469286201364;0.0;8.615452813239046e-06;0.28994259251049564;0.0;-0.0030437154931873137;1;Market (Reddit)
2021-02-07;0.5615559370656831;0.0;-0.08831712556990062;3.253929942221612e-05;0.0;0.215293187153328;-0.0031169013108613476;1;Market (Tweets)
2021-02-07;-0.017070138672069454;0.0;0.7750474932208272;0.9070122484824421;0.0;5.983072501463727e-12;-0.003433494944866676;1;Tweets (Market)
2021-02-08;0.020181063052547753;0.7098271009757751;-0.0733714925783347;0.8374729267213296;2.26425178854596e-06;0.20834150453494502;-0.0056897518948126335;1;Reddit
2021-02-08;0.4826341000734286;0.11801929822033255;-0.07192104163387994;0.005351028409719443;0.5811396749254023;0.45688136756668685;-0.00038511739873555654;1;Market
2021-02-08;-0.01833028042892559;0.012914614882505488;0.6944361481442999;0.9273534470342175;0.960591072614911;7.825093262919465e-07;-0.007255865094984065;1;Tweets
2021-02-08;0.0;0.0002262004063677388;0.6954163646066531;0.0;0.9991732089239378;4.986371910872517e-07;-0.0073235328136816;1;Tweets (Reddit)
2021-02-08;0.0;0.7237966468085673;-0.07445068011769576;0.0;4.3295773696664816e-08;0.19423205969060975;-0.005615251861768945;1;Reddit (Tweets)
2021-02-08;0.0315862884769905;0.6845995428778543;0.0;0.7492352306255756;3.657113786679996e-06;0.0;-0.004588464884607867;1;Reddit (Market)
2021-02-08;0.4938138602741558;0.09329045337170716;0.0;0.0040670339068127875;0.6567335744047048;0.0;0.0006943987202425058;1;Market (Reddit)
2021-02-08;0.530966857447923;0.0;-0.06366204005696113;0.00040055610068913893;0.0;0.5006935166181923;-0.0015108203266987884;1;Market (Tweets)
2021-02-08;-0.013041323816627608;0.0;0.6953399141070552;0.938087266002049;0.0;4.27995405678733e-07;-0.007379048506561488;1;Tweets (Market)
2021-02-09;0.022471030050716236;0.7225481026525066;-0.11689836934384724;0.8683741752855807;0.00028886554630917614;0.20476250810167407;-0.007504857628498032;1;Reddit
2021-02-09;0.32314715798834825;0.35257749120539844;0.008014873257694937;0.1752519342071447;0.2568384154973072;0.9593995110614483;0.008253249043254578;1;Market
2021-02-09;0.2958660044113295;-0.3346026495735601;0.40342777001349245;0.23870530204920282;0.3078165412399547;0.020636143334500857;-0.030135963062168734;1;Tweets
2021-02-09;0.0;-0.05045223664239259;0.469612394345019;0.0;0.8209252438973555;0.005344705218101329;-0.022327311324705824;1;Tweets (Reddit)
2021-02-09;0.0;0.7441293332525019;-0.11187164555647577;0.0;5.127945080433704e-07;0.19095417448908175;-0.006911790343876384;1;Reddit (Tweets)
2021-02-09;-0.03564399377980183;0.7805688933606955;0.0;0.7827074842018924;8.18678457470556e-05;0.0;-0.00187111040253368;1;Reddit (Market)
2021-02-09;0.32713168363215306;0.3485994264432685;0.0;0.1398042750885819;0.2387994336321302;0.0;0.007866983860639621;1;Market (Reddit)
2021-02-09;0.5203209362047028;0.0;-0.03783658978973485;0.002650341166730306;0.0;0.804840609295242;0.00023664214365106355;1;Market (Tweets)
2021-02-09;0.10874439210401678;0.0;0.44694166810733366;0.5213585652197317;0.0;0.008812124822013817;-0.022528052812349632;1;Tweets (Market)
2021-02-10;0.04673355142871441;0.7135532077343617;-0.12769569262966335;0.7767123161996505;0.0020722760007683386;0.3058568815759105;-0.008062954965838287;1;Reddit
2021-02-10;0.42736776243003277;0.24976396109322158;-0.044908450384434376;0.13711780389625808;0.48299710150349806;0.830743985025467;0.005274439316284847;1;Market
2021-02-10;0.33841139253806807;-0.3377881120392111;0.33915858413301336;0.2269100698796922;0.3365183258815736;0.110094506027883;-0.029685650453512395;1;Tweets
2021-02-10;0.0;-0.020185037955464207;0.4586725580272491;0.0;0.9316149036911804;0.018767571438507297;-0.02009671469067782;1;Tweets (Reddit)
2021-02-10;0.0;0.757413195677707;-0.11119118785059325;0.0;8.831574002855359e-06;0.30213205623949624;-0.006738753025536583;1;Reddit (Tweets)
2021-02-10;-0.03371703007015293;0.7821781358483892;0.0;0.8167207199418784;0.0005198425759321868;0.0;-0.002173183179740896;1;Reddit (Market)
2021-02-10;0.3990746315245233;0.2738982064689198;0.0;0.1089831521678632;0.40819038845094047;0.0;0.007345774054244252;1;Market (Reddit)
2021-02-10;0.574424939740315;0.0;-0.09211181223605022;0.004575450634217415;0.0;0.6407036730920981;-0.0001478133472794728;1;Market (Tweets)
2021-02-10;0.13952694953023387;0.0;0.40299779621137427;0.4512197832903526;0.0;0.047880447321092805;-0.022352436797674246;1;Tweets (Market)
